BASE_DATE,SIDO_CD,SIDO_NM,역번호,역사명,노선번호,노선명,역위도,역경도,역사도로명주소
20240630,11,서울특별시,1801,개봉역,I1101,경인선,37.494698,126.858504,서울시 구로구 경인로 40길 47
20240630,11,서울특별시,1813,구일역,I1101,경인선,37.496273,126.869599,서울시 구로구 구일로 133
20240630,11,서울특별시,1802,오류동역,I1101,경인선,37.4944,126.844551,서울시 구로구 경인로 20길 13
20240630,11,서울특별시,1821,온수역,I1101,경인선,37.492267,126.823399,서울시 구로구 부일로 872
20240630,11,서울특별시,350,가락시장,I1103,3호선,37.492368,127.118101,서울특별시 송파구 송파대로 지하257(가락동)
20240630,11,서울특별시,327,경복궁(정부서울청사),I1103,3호선,37.575844,126.973576,서울특별시 종로구 사직로 지하130(적선동)
20240630,11,서울특별시,351,경찰병원,I1103,3호선,37.495754,127.124198,서울특별시 송파구 중대로 지하149(가락동)
20240630,11,서울특별시,339,고속터미널,I1103,3호선,37.504953,127.004916,서울특별시 서초구 신반포로 지하188(반포동)
20240630,11,서울특별시,340,교대(법원·검찰청),I1103,3호선,37.49306,127.013796,서울특별시 서초구 서초대로 지하294(서초동)
20240630,11,서울특별시,320,구파발,I1103,3호선,37.636612,126.918827,서울특별시 은평구 진관2로 지하15-25 (진관동)
20240630,11,서울특별시,334,금호,I1103,3호선,37.548269,127.015785,서울특별시 성동구 동호로 지하104(금호동4가)
20240630,11,서울특별시,341,남부터미널(예술의전당),I1103,3호선,37.48494,127.016289,서울특별시 서초구 서초중앙로 지하31(서초동)
20240630,11,서울특별시,323,녹번,I1103,3호선,37.600882,126.935758,서울특별시 은평구 통일로 지하602-1(녹번동)
20240630,11,서울특별시,347,대청,I1103,3호선,37.493607,127.079526,서울특별시 강남구 일원로 지하2(일원동)
20240630,11,서울특별시,345,대치,I1103,3호선,37.494601,127.063449,서울특별시 강남구 남부순환로 지하2952(대치동)
20240630,11,서울특별시,344,도곡,I1103,3호선,37.491129,127.055694,서울특별시 강남구 남부순환로 지하2814(도곡동)
20240630,11,서울특별시,326,독립문,I1103,3호선,37.574534,126.957902,서울특별시 서대문구 통일로 지하247(현저동)
20240630,11,서울특별시,332,동대입구,I1103,3호선,37.55816,127.005273,서울특별시 중구 동호로 지하256(장충동2가)
20240630,11,서울특별시,343,매봉,I1103,3호선,37.487114,127.046907,서울특별시 강남구 남부순환로 지하2744(도곡동)
20240630,11,서울특별시,325,무악재,I1103,3호선,37.582658,126.950131,서울특별시 서대문구 통일로 지하361(홍제동)
20240630,11,서울특별시,322,불광,I1103,3호선,37.610554,126.929843,서울특별시 은평구 통일로 지하723-1(대조동)
20240630,11,서울특별시,349,수서,I1103,3호선,37.487507,127.101324,서울특별시 강남구 광평로 지하270(수서동)
20240630,11,서울특별시,337,신사,I1103,3호선,37.516438,127.020247,서울특별시 강남구 도산대로 지하102(신사동)
20240630,11,서울특별시,328,안국,I1103,3호선,37.576562,126.98547,서울특별시 종로구 율곡로 지하62(안국동)
20240630,11,서울특별시,336,압구정,I1103,3호선,37.526169,127.028502,서울특별시 강남구 압구정로 지하172(신사동)
20240630,11,서울특별시,333,약수,I1103,3호선,37.554674,127.010628,서울특별시 중구 다산로 지하122(신당동)
20240630,11,서울특별시,342,양재(서초구청),I1103,3호선,37.48466,127.03513,서울특별시 서초구 남부순환로 지하2585(서초동)
20240630,11,서울특별시,321,연신내,I1103,3호선,37.618855,126.920859,서울특별시 은평구 통일로 지하849(갈현동)
20240630,11,서울특별시,352,오금,I1103,3호선,37.502288,127.128344,서울특별시 송파구 오금로 지하321(오금동)
20240630,11,서울특별시,335,옥수,I1103,3호선,37.541653,127.017303,서울특별시 성동구 동호로 21(옥수동)
20240630,11,서울특별시,330,을지로3가,I1103,3호선,37.566299,126.992616,서울특별시 중구 을지로 지하129(을지로3가)
20240630,11,서울특별시,348,일원,I1103,3호선,37.48389,127.08416,서울특별시 강남구 일원로 지하121(일원동)
20240630,11,서울특별시,338,잠원,I1103,3호선,37.512989,127.011613,서울특별시 서초구 잠원로4길 지하46(잠원동)
20240630,11,서울특별시,329,종로3가,I1103,3호선,37.571537,126.991237,서울특별시 종로구 돈화문로 지하30(묘동)
20240630,11,서울특별시,331,충무로,I1103,3호선,37.561302,126.995473,서울특별시 중구 퇴계로 지하214(필동2가)
20240630,11,서울특별시,346,학여울,I1103,3호선,37.496757,127.070541,서울특별시 강남구 남부순환로 지하3104(대치동)
20240630,11,서울특별시,324,홍제,I1103,3호선,37.588851,126.944092,서울특별시 서대문구 통일로 지하440-1(홍제동)
20240630,11,서울특별시,417,길음,I1104,4호선,37.604087,127.025353,서울특별시 성북구 동소문로 지하248(길음동)
20240630,11,서울특별시,434,남태령,I1104,4호선,37.464339,126.989081,서울특별시 서초구 과천대로 지하816(방배동)
20240630,11,서울특별시,411,노원,I1104,4호선,37.656274,127.063183,서울특별시 노원구 상계로 69-1(상계동)
20240630,11,서울특별시,421,동대문,I1104,4호선,37.57099,127.008835,서울특별시 종로구 율곡로 지하308(종로6가)
20240630,11,서울특별시,422,동대문역사문화공원(DDP),I1104,4호선,37.565141,127.008458,서울특별시 중구 장충단로 지하230(광희동2가)
20240630,11,서울특별시,431,동작(현충원),I1104,4호선,37.503567,126.980171,서울특별시 동작구 현충로 257(동작동)
20240630,11,서울특별시,424,명동,I1104,4호선,37.561055,126.988271,서울특별시 중구 퇴계로 지하126(충무로2가)
20240630,11,서울특별시,415,미아(서울사이버대학),I1104,4호선,37.626435,127.026151,서울특별시 강북구 도봉로 지하198(미아동)
20240630,11,서울특별시,416,미아사거리,I1104,4호선,37.613276,127.030083,서울특별시 강북구 도봉로 지하50(미아동)
20240630,11,서울특별시,409,불암산,I1104,4호선,37.66956,127.078404,서울특별시 노원구 상계로 305(상계동)
20240630,11,서울특별시,433,사당,I1104,4호선,37.476563,126.981746,서울특별시 동작구  동작대로 지하3(사당동)
20240630,11,서울특별시,428,삼각지(전쟁기념관),I1104,4호선,37.535057,126.973354,서울특별시 용산구 한강대로 지하180(한강로1가)
20240630,11,서울특별시,410,상계,I1104,4호선,37.660576,127.073199,서울특별시 노원구 상계로 182(상계동)
20240630,11,서울특별시,426,서울역,I1104,4호선,37.553172,126.972836,서울특별시 용산구 한강대로 지하392(동자동)
20240630,11,서울특별시,418,성신여대입구(돈암),I1104,4호선,37.592782,127.017338,서울특별시 성북구 동소문로 지하102(동선동4가)
20240630,11,서울특별시,414,수유(강북구청),I1104,4호선,37.637127,127.024731,서울특별시 강북구 도봉로 지하338(수유동)
20240630,11,서울특별시,427,숙대입구(갈월),I1104,4호선,37.545124,126.971952,서울특별시 용산구 한강대로 지하306(갈월동)
20240630,11,서울특별시,429,신용산,I1104,4호선,37.52919,126.96858,서울특별시 용산구 한강대로 지하112(한강로2가)
20240630,11,서울특별시,413,쌍문,I1104,4호선,37.648274,127.034381,서울특별시 도봉구 도봉로 지하 486-1(창동)
20240630,11,서울특별시,430,이촌(국립중앙박물관),I1104,4호선,37.522525,126.97335,서울특별시 용산구 서빙고로 지하83(용산동5가)
20240630,11,서울특별시,412,창동,I1104,4호선,37.652993,127.046746,서울특별시 도봉구 마들로11길 77(창동)
20240630,11,서울특별시,432,총신대입구(이수),I1104,4호선,37.487521,126.982309,서울특별시 동작구 동작대로 지하117(사당동)
20240630,11,서울특별시,423,충무로,I1104,4호선,37.561302,126.995473,서울특별시 중구 퇴계로 지하214(필동2가)
20240630,11,서울특별시,419,한성대입구(삼선교),I1104,4호선,37.58838,127.006751,서울특별시 성북구 삼선교로 지하1(삼선동1가)
20240630,11,서울특별시,420,혜화,I1104,4호선,37.582116,127.001759,서울특별시 종로구 대학로 지하120(명륜4가)
20240630,11,서울특별시,425,회현(남대문시장),I1104,4호선,37.559698,126.979565,서울특별시 중구 퇴계로 지하54(남창동)
20240630,11,서울특별시,D007,강남,I11D1,신분당선,37.496068,127.028506,서울특별시 강남구 강남대로 지하 396
20240630,11,서울특별시,D005,논현,I11D1,신분당선,37.51111538,127.0213658,서울특별시 강남구 강남대로 492-2
20240630,11,서울특별시,D006,신논현,I11D1,신분당선,37.50455543,127.0245306,서울특별시 강남구 강남대로 302-2
20240630,11,서울특별시,D004,신사,I11D1,신분당선,37.51612526,127.0197609,서울특별시 강남구 강남대로 620-2
20240630,11,서울특별시,D008,양재(서초구청),I11D1,신분당선,37.48445352,127.0340995,서울시 서초구 남부순환로 지하 2585
20240630,11,서울특별시,D009,양재시민의숲(매헌),I11D1,신분당선,37.47096388,127.0384203,서울특별시 서초구 매헌로 지하 116
20240630,11,서울특별시,D010,청계산입구,I11D1,신분당선,37.44871485,127.0543396,서울특별시 서초구 청계산로 지하 179
20240630,11,서울특별시,A02,공덕,I28A1,인천국제공항선,37.54284055,126.9513301,서울특별시 마포구 마포대로 92
20240630,11,서울특별시,A05,김포공항,I28A1,인천국제공항선,37.56211652,126.8015442,서울특별시 강서구 하늘길 77
20240630,11,서울특별시,A04,디지털미디어시티,I28A1,인천국제공항선,37.57682544,126.8990205,서울특별시 마포구 성암로 184
20240630,11,서울특별시,A042,마곡나루,I28A1,인천국제공항선,37.56581914,126.8276358,서울특별시 강서구 마곡중앙로 지하 135
20240630,11,서울특별시,A01,서울,I28A1,인천국제공항선,37.54911784,126.9704643,서울특별시 용산구 청파로 378
20240630,11,서울특별시,A03,홍대입구,I28A1,인천국제공항선,37.55774103,126.9264939,서울특별시 마포구 양화로 188
20240630,11,서울특별시,128,동대문,I4101,1호선,37.565145,127.00789,서울특별시 종로구 종로 지하302(창신동)
20240630,11,서울특별시,127,동묘앞,I4101,1호선,37.573265,127.016459,서울특별시 종로구 종로 359(숭인동)
20240630,11,서울특별시,133,서울역,I4101,1호선,37.55315,126.972533,서울특별시 중구 세종대로 지하2(남대문로 5가)
20240630,11,서울특별시,132,시청,I4101,1호선,37.56359,126.975407,서울특별시 중구 세종대로 지하101(정동)
20240630,11,서울특별시,126,신설동,I4101,1호선,37.576117,127.02471,서울특별시 동대문구 왕산로 지하1(신설동)
20240630,11,서울특별시,125,제기동,I4101,1호선,37.578116,127.034902,서울특별시 동대문구 왕산로 지하93(제기동)
20240630,11,서울특별시,131,종각,I4101,1호선,37.570203,126.983116,서울특별시 종로구 종로 지하55(종로1가)
20240630,11,서울특별시,130,종로3가,I4101,1호선,37.570429,126.992095,서울특별시 종로구 종로 지하129(종로3가)
20240630,11,서울특별시,129,종로5가,I4101,1호선,37.570971,127.0019,서울특별시 종로구 종로 지하216(종로5가)
20240630,11,서울특별시,124,청량리(서울시립대입구),I4101,1호선,37.580148,127.045063,서울특별시 동대문구 왕산로 지하205(전농동)
20240630,11,서울특별시,1702,가산디지털단지역,I4101,경부선,37.481568,126.882628,서울시 금천구 벚꽃로 309
20240630,11,서울특별시,1701,구로역,I4101,경부선,37.503178,126.882037,서울시 구로구 구로중앙로 174
20240630,11,서울특별시,1703,금천구청역,I4101,경부선,37.45576,126.894344,서울시 금천구 시흥대로 63길 91
20240630,11,서울특별시,1002,남영역,I4101,경부선,37.540597,126.971171,서울시 용산구 한강대로 77길 25(갈월동)
20240630,11,서울특별시,1004,노량진역,I4101,경부선,37.514072,126.941671,서울시 동작구 노량진로 151
20240630,11,서울특별시,1005,대방역,I4101,경부선,37.513392,126.926407,서울시 영등포구 여의대방로 300
20240630,11,서울특별시,1714,독산역,I4101,경부선,37.465994,126.889508,서울시 금천구 벚꽃로 115
20240630,11,서울특별시,1032,신길역,I4101,경부선,37.517018,126.917743,서울시 영등포구 영등포로 327
20240630,11,서울특별시,1007,신도림역,I4101,경부선,37.508983,126.891513,서울시 구로구 새말로 117-21
20240630,11,서울특별시,1006,영등포역,I4101,경부선,37.515756,126.907411,서울시 영등포구 경인로 846(영등포동 1가 618-496)
20240630,11,서울특별시,1003,용산역,I4101,경부선,37.52989,126.964775,서울시 용산구 한강대로 23길 55(한강로 3가 40-999)
20240630,11,서울특별시,1019,광운대역,I4102,경원선,37.623635,127.061975,서울시 노원구 석계로 98-2(광운대역)
20240630,11,서울특별시,1021,녹천역,I4102,경원선,37.644599,127.051406,서울시 도봉구 덕릉로 376(창동)
20240630,11,서울특별시,1903,도봉산역,I4102,경원선,37.689603,127.046347,서울시 도봉구 도봉로 964-33
20240630,11,서울특별시,1902,도봉역,I4102,경원선,37.679441,127.045521,서울시 도봉구 도봉로 170길 2
20240630,11,서울특별시,1901,방학역,I4102,경원선,37.667471,127.044295,서울시 도봉구 도봉로 150다길 3
20240630,11,서울특별시,1009,서빙고역,I4102,경원선,37.51961,126.988358,서울시 용산구 서빙고로 238(서빙고동 241-11)
20240630,11,서울특별시,1018,석계역,I4102,경원선,37.615206,127.065594,서울시 노원구 화랑로 341(월계동 36-4)
20240630,11,서울특별시,1017,신이문역,I4102,경원선,37.601829,127.067347,서울시 동대문구 한천로 472(이문로 7)
20240630,11,서울특별시,1011,옥수역,I4102,경원선,37.540514,127.018698,서울시 성동구 동호로 지하21(옥수동)
20240630,11,서울특별시,1013,왕십리역,I4102,경원선,37.561128,127.035505,서울시 성동구 왕십리 광장로 17(행당동)
20240630,11,서울특별시,1016,외대앞역,I4102,경원선,37.596157,127.063572,서울시 동대문구 휘경로 27(이문동 360-5)
20240630,11,서울특별시,1003,용산역,I4102,경원선,37.52989,126.964775,서울시 용산구 한강대로 23길 55(한강로 3가 40-999)
20240630,11,서울특별시,1020,월계역,I4102,경원선,37.633114,127.058835,서울시 노원구 월계로 53길 40(월계2동 261)
20240630,11,서울특별시,1012,응봉역,I4102,경원선,37.550433,127.034824,서울시 성동구 고산자로 123(응봉동)
20240630,11,서울특별시,1008,이촌역,I4102,경원선,37.522476,126.973816,서울시 용산구 이촌로 71길 42
20240630,11,서울특별시,1022,창동역,I4102,경원선,37.653181,127.047663,서울시 도봉구 마들로 11길 77(창1동 135-86)
20240630,11,서울특별시,1014,청량리역,I4102,경원선,37.580543,127.046516,서울시 동대문구 왕산로 214
20240630,11,서울특별시,1010,한남역,I4102,경원선,37.529361,127.008984,서울시 용산구 독서당로6길 12-13(한남동)
20240630,11,서울특별시,1015,회기역,I4102,경원선,37.589802,127.057936,서울시 동대문구 회기로196(휘경동 317-101)
20240630,11,서울특별시,1849,강남구청역,I4105,분당선,37.517172,127.041275,서울시 강남구 학동로 지하 364
20240630,11,서울특별시,1027,개포동역,I4105,분당선,37.489112,127.066027,서울시 강남구 개포동 지하 420(개포동)
20240630,11,서울특별시,1026,구룡역,I4105,분당선,37.486985,127.059496,서울시 강남구 개포동 175-3
20240630,11,서울특별시,1028,대모산입구역,I4105,분당선,37.491347,127.072702,서울특별시 강남구 개포로 522
20240630,11,서울특별시,1025,도곡역,I4105,분당선,37.490914,127.055393,서울시 강남구 남부순환로 지하 2814
20240630,11,서울특별시,1031,복정역,I4105,분당선,37.469753,127.126627,서울특별시 송파구 송파대로 6
20240630,11,서울특별시,1847,서울숲역,I4105,분당선,37.543647,127.044686,서울시 성동구 왕십리로 지하 77
20240630,11,서울특별시,1023,선릉역,I4105,분당선,37.504479,127.048941,서울시 강남구 테헤란로 지하 340
20240630,11,서울특별시,1850,선정릉역,I4105,분당선,37.510275,127.043817,서울시 강남구 선릉로 지하 580(삼성동)
20240630,11,서울특별시,1030,수서역,I4105,분당선,37.487633,127.101118,서울시 강남구 광평로 지하 270(수서동)
20240630,11,서울특별시,1848,압구정로데오역,I4105,분당선,37.527385,127.040555,서울시 강남구 압구정동 495(강남구 압구정로 지하 402)
20240630,11,서울특별시,1013,왕십리역,I4105,분당선,37.561128,127.035505,서울시 성동구 왕십리 광장로 17(행당동)
20240630,11,서울특별시,1024,한티역,I4105,분당선,37.496208,127.052883,서울시 강남구 선릉로 지하 228
20240630,11,서울특별시,1265,가좌역,I4108,경의중앙선,37.568611,126.914841,서울시 서대문구 수색로 27(남가좌동)
20240630,11,서울특별시,1262,공덕역,I4108,경의중앙선,37.542611,126.952134,서울시 마포구 공덕동 마포대로 92
20240630,11,서울특별시,1019,광운대역,I4108,경의중앙선,37.623635,127.061975,서울시 노원구 석계로 98-2(광운대역)
20240630,11,서울특별시,1205,구리역,I4108,경의중앙선,37.503178,126.882037,경기도 구리시 건원대로 34번길 32-29(인창동 244-2)
20240630,11,서울특별시,1266,디지털미디어시티역,I4108,경의중앙선,37.577964,126.900421,서울시 은평구 수색로 193(수색동 37-2)
20240630,11,서울특별시,1203,망우역,I4108,경의중앙선,37.599288,127.092318,서울시 중랑구 망우로 55길 11-10
20240630,11,서울특별시,1202,상봉역,I4108,경의중앙선,37.595254,127.085853,서울시 중랑구 망우로 297(상봉1동 100-9번지)
20240630,11,서울특별시,1263,서강대역,I4108,경의중앙선,37.552132,126.935389,서울시 마포구 서강로 지하 118
20240630,11,서울특별시,1251,서울역(경의선),I4108,경의중앙선,37.554713,126.970787,서울시 중구 한강대로 405
20240630,11,서울특별시,1267,수색역,I4108,경의중앙선,37.580855,126.895681,서울시 은평구 수색로 261-1
20240630,11,서울특별시,1252,신촌역,I4108,경의중앙선,37.559768,126.942308,서울특별시 서대문구 신촌역로 30 신촌민자역사
20240630,11,서울특별시,1201,중랑역,I4108,경의중앙선,37.594948,127.076152,서울특별시 중랑구 중랑역로 9
20240630,11,서울특별시,1014,청량리역,I4108,경의중앙선,37.580543,127.046516,서울시 동대문구 왕산로 214
20240630,11,서울특별시,1264,홍대입구역,I4108,경의중앙선,37.55808,126.925533,서울시 마포구 양화로 지하 188
20240630,11,서울특별시,1015,회기역,I4108,경의중앙선,37.589802,127.057936,서울시 동대문구 회기로196(휘경동 317-101)
20240630,11,서울특별시,1261,효창공원앞역,I4108,경의중앙선,37.539289,126.961339,서울시 용산구 용문동 5-157
20240630,11,서울특별시,1203,망우역,I41K2,경춘선,37.599288,127.092318,서울시 중랑구 망우로 55길 11-10
20240630,11,서울특별시,1311,신내역,I41K2,경춘선,37.612855,127.103277,서울시 중랑구 망우동 320-2
20240630,11,서울특별시,1980,김포공항역,I41WS,서해선,37.5621179,126.8028568,서울특별시 강서구 하늘길 지하 77
20240630,11,서울특별시,S411,관악산,L11SL,수도권 경량도시철도 신림선,37.46916896,126.9449548,서울특별시 관악구 신림로 23 (신림동)
20240630,11,서울특별시,S407,당곡,L11SL,수도권 경량도시철도 신림선,37.49003911,126.9275688,서울특별시 관악구 보라매로 6 (봉천동)
20240630,11,서울특별시,S402,대방,L11SL,수도권 경량도시철도 신림선,37.51284017,126.9253168,서울특별시 영등포구 여의대방로 300 (신길동)
20240630,11,서울특별시,S404,보라매,L11SL,수도권 경량도시철도 신림선,37.50031271,126.9204859,서울특별시 동작구 상도로 지하2 (대방동)
20240630,11,서울특별시,S405,보라매공원,L11SL,수도권 경량도시철도 신림선,37.49522541,126.9182588,서울특별시 동작구 여의대방로20길 지하11 (신대방동)
20240630,11,서울특별시,S406,보라매병원,L11SL,수도권 경량도시철도 신림선,37.49307176,126.9238861,서울특별시 동작구 보라매로5길 지하24 (신대방동)
20240630,11,서울특별시,S401,샛강,L11SL,수도권 경량도시철도 신림선,37.51721994,126.929404,서울특별시 영등포구 의사당대로 지하166 (여의도동)
20240630,11,서울특별시,S410,서울대벤처타운,L11SL,수도권 경량도시철도 신림선,37.47204068,126.9339766,서울특별시 관악구 신림로 144 (신림동)
20240630,11,서울특별시,S403,서울지방병무청,L11SL,수도권 경량도시철도 신림선,37.50604687,126.9227834,서울특별시 동작구 여의대방로 지하218 (대방동)
20240630,11,서울특별시,S409,서원,L11SL,수도권 경량도시철도 신림선,37.47827336,126.9332282,서울특별시 관악구 신림로 258 (신림동)
20240630,11,서울특별시,S408,신림,L11SL,수도권 경량도시철도 신림선,37.48489076,126.9296099,서울특별시 관악구 남부순환로 지하1614 (신림동)
20240630,11,서울특별시,S112,4.19민주묘지,L11UI,우이신설선,37.64954,127.01371,서울특별시 강북구 삼양로 519
20240630,11,서울특별시,S113,가오리,L11UI,우이신설선,37.64162,127.01681,서울특별시 강북구 삼양로 426
20240630,11,서울특별시,S121,보문,L11UI,우이신설선,37.58551,127.01939,서울특별시 성북구 보문동1가 127-6
20240630,11,서울특별시,S118,북한산보국문,L11UI,우이신설선,37.61233,127.00816,서울특별시 성북구 보국문로 지하 88
20240630,11,서울특별시,S110,북한산우이,L11UI,우이신설선,37.66284,127.01272,서울특별시 강북구 삼양로 지하 676
20240630,11,서울특별시,S115,삼양,L11UI,우이신설선,37.62706,127.01817,서울특별시 강북구 삼양로 지하 259
20240630,11,서울특별시,S116,삼양사거리,L11UI,우이신설선,37.62144,127.02049,서울특별시 강북구 삼양로 197
20240630,11,서울특별시,S120,성신여대입구,L11UI,우이신설선,37.59287,127.01656,서울특별시 성북구 동선동1가 116-1
20240630,11,서울특별시,S111,솔밭공원,L11UI,우이신설선,37.65607,127.01326,서울특별시 강북구 삼양로 595
20240630,11,서울특별시,S117,솔샘,L11UI,우이신설선,37.62037,127.01357,서울특별시 강북구 솔샘로 지하 189
20240630,11,서울특별시,S122,신설동,L11UI,우이신설선,37.57579,127.02361,서울특별시 동대문구 신설동 132-259
20240630,11,서울특별시,S119,정릉,L11UI,우이신설선,37.60278,127.01345,서울특별시 성북구 아리랑로 지하 122
20240630,11,서울특별시,S114,화계,L11UI,우이신설선,37.63428,127.0175,서울특별시 강북구 삼양로 341
20240630,11,서울특별시,G109,김포공항역,L41G1,김포도시철도,37.5625,126.800833,서울특별시 강서구 하늘길 지하 77
20240630,11,서울특별시,222,강남,S1102,2호선,37.497958,127.027539,서울특별시 강남구 강남대로 지하396(역삼동)
20240630,11,서울특별시,214,강변(동서울터미널),S1102,2호선,37.535161,127.094684,서울특별시 광진구 강변역로 53(구의동)
20240630,11,서울특별시,212,건대입구,S1102,2호선,37.540408,127.069231,서울특별시 광진구 아차산로 243(화양동)
20240630,11,서울특별시,223,교대(법원·검찰청),S1102,2호선,37.493957,127.014631,서울특별시 서초구 서초대로 지하294(서초동)
20240630,11,서울특별시,232,구로디지털단지,S1102,2호선,37.485005,126.902626,서울특별시 구로구 도림천로 477(구로동)
20240630,11,서울특별시,213,구의(광진구청),S1102,2호선,37.536857,127.085024,서울특별시 광진구 아차산로 384-1(구의동)
20240630,11,서울특별시,227,낙성대(강감찬),S1102,2호선,37.47693,126.963783,서울특별시 관악구 남부순환로 지하1928(봉천동)
20240630,11,서울특별시,237,당산,S1102,2호선,37.533877,126.902011,서울특별시 영등포구 당산로 229(당산동6가)
20240630,11,서울특별시,233,대림(구로구청),S1102,2호선,37.492426,126.895293,서울특별시 구로구 도림천로 351(구로동)
20240630,11,서울특별시,205,동대문역사문화공원(DDP),S1102,2호선,37.565609,127.009083,서울특별시 중구 을지로 지하279(을지로7가)
20240630,11,서울특별시,210,뚝섬,S1102,2호선,37.54718,127.047413,서울특별시 성동구 아차산로 18(성수동1가)
20240630,11,서울특별시,235,문래,S1102,2호선,37.517993,126.894766,서울특별시 영등포구 당산로 지하28(문래동3가)
20240630,11,서울특별시,225,방배,S1102,2호선,37.481469,126.997627,서울특별시 서초구 방배로 지하80(방배동)
20240630,11,서울특별시,229,봉천,S1102,2호선,37.482416,126.941896,서울특별시 관악구 남부순환로 지하1721(봉천동)
20240630,11,서울특별시,226,사당,S1102,2호선,37.476536,126.981631,서울특별시 동작구 남부순환로 지하2089(사당동)
20240630,11,서울특별시,219,삼성(무역센터),S1102,2호선,37.508827,127.063203,서울특별시 강남구 테헤란로 지하538(삼성동)
20240630,11,서울특별시,207,상왕십리,S1102,2호선,37.564504,127.028872,서울특별시 성동구 왕십리로 지하374(하왕십리동)
20240630,11,서울특별시,228,서울대입구(관악구청),S1102,2호선,37.481233,126.952745,서울특별시 관악구 남부순환로 지하1822(봉천동)
20240630,11,서울특별시,224,서초,S1102,2호선,37.49191,127.007945,서울특별시 서초구 서초대로 지하233(서초동)
20240630,11,서울특별시,220,선릉,S1102,2호선,37.504257,127.048174,서울특별시 강남구 테헤란로 지하340(삼성동)
20240630,11,서울특별시,211,성수,S1102,2호선,37.544628,127.055983,서울특별시 성동구 아차산로 100(성수동2가)
20240630,11,서울특별시,201,시청,S1102,2호선,37.563534,126.975271,서울특별시 중구 서소문로 지하127(서소문동)
20240630,11,서울특별시,206,신당,S1102,2호선,37.56147,127.056348,서울특별시 중구 퇴계로 지하431-1(신당동)
20240630,11,서울특별시,231,신대방,S1102,2호선,37.487534,126.913279,서울특별시 동작구 대림로 2(신대방동)
20240630,11,서울특별시,234,신도림,S1102,2호선,37.508815,126.891222,서울특별시 구로구 새말로 지하 117-21(신도림동)
20240630,11,서울특별시,230,신림,S1102,2호선,37.484216,126.929573,서울특별시 관악구 남부순환로 지하1614(신림동)
20240630,11,서울특별시,240,신촌(지하),S1102,2호선,37.555153,126.93689,서울특별시 마포구 신촌로 지하90(노고산동)
20240630,11,서울특별시,242,아현,S1102,2호선,37.557407,126.956079,서울특별시 마포구 신촌로 지하270(아현동)
20240630,11,서울특별시,221,역삼,S1102,2호선,37.500658,127.03643,서울특별시 강남구 테헤란로 지하156(역삼동)
20240630,11,서울특별시,236,영등포구청,S1102,2호선,37.525766,126.896627,서울특별시 영등포구 당산로 지하121(당산동3가)
20240630,11,서울특별시,208,왕십리(성동구청),S1102,2호선,37.561159,127.035505,서울특별시 성동구 왕십리로 지하300(행당동)
20240630,11,서울특별시,203,을지로3가,S1102,2호선,37.566292,126.991773,서울특별시 중구 을지로 지하106(을지로3가)
20240630,11,서울특별시,204,을지로4가,S1102,2호선,37.566611,126.998122,서울특별시 중구 을지로 지하178(을지로4가)
20240630,11,서울특별시,202,을지로입구,S1102,2호선,37.565998,126.982569,서울특별시 중구 을지로 지하42(을지로1가)
20240630,11,서울특별시,241,이대,S1102,2호선,37.556734,126.945897,서울특별시 마포구 신촌로 지하180(염리동)
20240630,11,서울특별시,216,잠실(송파구청),S1102,2호선,37.513305,127.100129,서울특별시 송파구 올림픽로 지하265(신천동)
20240630,11,서울특별시,215,잠실나루,S1102,2호선,37.520688,127.103836,서울특별시 송파구 오금로 20(신천동)
20240630,11,서울특별시,217,잠실새내,S1102,2호선,37.520731,127.103738,서울특별시 송파구 올림픽로 지하140(잠실동)
20240630,11,서울특별시,218,종합운동장,S1102,2호선,37.511008,127.073641,서울특별시 송파구 올림픽로 지하23(잠실동)
20240630,11,서울특별시,243,충정로(경기대입구),S1102,2호선,37.559742,126.964455,서울특별시 서대문구 서소문로 지하17(충정로3가)
20240630,11,서울특별시,209,한양대,S1102,2호선,37.55658,127.043504,서울특별시 성동구 왕십리로 206(행당동)
20240630,11,서울특별시,238,합정,S1102,2호선,37.550025,126.914557,서울특별시 마포구 양화로 지하55(서교동)
20240630,11,서울특별시,239,홍대입구,S1102,2호선,37.556748,126.923643,서울특별시 마포구 양화로 지하160(동교동)
20240630,11,서울특별시,548,강동,S1105,5호선,37.53581,127.13249,서울특별시 강동구 천호대로 지하1097(천호동)
20240630,11,서울특별시,554,강일,S1105,5호선,37.557521,127.176018,서울특별시 강동구 고덕로 지하456(강일동)
20240630,11,서울특별시,P553,개롱,S1105,5호선,37.498097,127.134817,서울특별시 송파구 오금로 지하402(가락동)
20240630,11,서울특별시,511,개화산,S1105,5호선,37.572458,126.806838,서울특별시 강서구 양천로 22(방화동)
20240630,11,서울특별시,P554,거여,S1105,5호선,37.493208,127.143983,서울특별시 송파구 오금로 지하499(거여동)
20240630,11,서울특별시,552,고덕,S1105,5호선,37.555002,127.154214,서울특별시 강동구 고덕로 지하253(고덕동)
20240630,11,서울특별시,529,공덕,S1105,5호선,37.544005,126.951058,서울특별시 마포구 마포대로 지하100(공덕동)
20240630,11,서울특별시,546,광나루(장신대),S1105,5호선,37.545301,127.103478,서울특별시 광진구 아차산로 지하571(광장동)
20240630,11,서울특별시,533,광화문(세종문화회관),S1105,5호선,37.570545,126.976568,서울특별시 종로구 세종대로 지하172(세종로)
20240630,11,서울특별시,544,군자(능동),S1105,5호선,37.557102,127.079559,서울특별시 광진구 천호대로 지하550(능동)
20240630,11,서울특별시,550,굽은다리(강동구민회관앞),S1105,5호선,37.545442,127.142844,서울특별시 강동구 양재대로 지하1572(명일동)
20240630,11,서울특별시,549,길동,S1105,5호선,37.538022,127.140085,서울특별시 강동구 양재대로 지하1480(길동)
20240630,11,서울특별시,512,김포공항,S1105,5호선,37.56217,126.801273,서울특별시 강서구 하늘길 지하77(방화동)
20240630,11,서울특별시,518,까치산,S1105,5호선,37.53181,126.846706,서울특별시 강서구 강서로 지하54(화곡동)
20240630,11,서울특별시,542,답십리,S1105,5호선,37.566833,127.05266,서울특별시 성동구 천호대로 지하300(용답동)
20240630,11,서울특별시,536,동대문역사문화공원(DDP),S1105,5호선,37.564682,127.00533,서울특별시 중구 마른내로 지하162(광희동1가)
20240630,11,서울특별시,P549,둔촌동,S1105,5호선,37.527787,127.136219,서울특별시 강동구 양재대로 지하1369(둔촌동)
20240630,11,서울특별시,514,마곡,S1105,5호선,37.560182,126.82493,서울특별시 강서구 공항대로 지하163(마곡동)
20240630,11,서울특별시,541,마장,S1105,5호선,37.566066,127.042921,서울특별시 성동구 마장로 지하296(마장동)
20240630,11,서울특별시,P555,마천,S1105,5호선,37.494972,127.152784,서울특별시 송파구 마천로57길 지하7(마천동)
20240630,11,서울특별시,528,마포,S1105,5호선,37.539718,126.946043,서울특별시 마포구 마포대로 지하33(도화동)
20240630,11,서울특별시,551,명일,S1105,5호선,37.551317,127.144002,서울특별시 강동구 양재대로 지하1632(명일동)
20240630,11,서울특별시,520,목동,S1105,5호선,37.526088,126.864296,서울특별시 양천구 오목로 지하245(목동)
20240630,11,서울특별시,515,발산,S1105,5호선,37.562182,126.82693,서울특별시 강서구 공항대로 지하267(마곡동)
20240630,11,서울특별시,P551,방이,S1105,5호선,37.508752,127.126054,서울특별시 송파구 양재대로 지하1127(방이동)
20240630,11,서울특별시,510,방화,S1105,5호선,37.577669,126.812822,서울특별시 강서구 금낭화로 지하132(방화동)
20240630,11,서울특별시,553,상일동,S1105,5호선,37.556714,127.166381,서울특별시 강동구 고덕로 지하359(상일동)
20240630,11,서울특별시,532,서대문,S1105,5호선,37.565812,126.966639,서울특별시 종로구 통일로 지하126(평동)
20240630,11,서울특별시,513,송정,S1105,5호선,37.561411,126.812052,서울특별시 강서구 공항대로 지하33(공항동)
20240630,11,서울특별시,538,신금호,S1105,5호선,37.554504,127.020403,서울특별시 성동구 금호로 지하154(금호동2가)
20240630,11,서울특별시,525,신길,S1105,5호선,37.51763,126.914886,서울특별시 영등포구 경인로114가길 지하9(영등포동1가)
20240630,11,서울특별시,519,신정(은행정),S1105,5호선,37.525001,126.856176,서울특별시 양천구 오목로 지하179(신정동)
20240630,11,서울특별시,545,아차산(어린이대공원후문),S1105,5호선,37.552005,127.089609,서울특별시 광진구 천호대로 지하657(능동)
20240630,11,서울특별시,530,애오개,S1105,5호선,37.553592,126.956733,서울특별시 마포구 마포대로 지하210(아현동)
20240630,11,서울특별시,522,양평,S1105,5호선,37.525614,126.886177,서울특별시 영등포구 양산로 지하21(양평동2가)
20240630,11,서울특별시,527,여의나루,S1105,5호선,37.527145,126.932807,서울특별시 영등포구 여의동로 지하343(여의도동)
20240630,11,서울특별시,526,여의도,S1105,5호선,37.521578,126.924318,서울특별시 영등포구 여의나루로 지하40(여의도동)
20240630,11,서울특별시,523,영등포구청,S1105,5호선,37.524209,126.895022,서울특별시 영등포구 양산로 지하116(당산동3가)
20240630,11,서울특별시,524,영등포시장,S1105,5호선,37.52276,126.905143,서울특별시 영등포구 양산로 지하200(영등포동5가)
20240630,11,서울특별시,P552,오금,S1105,5호선,37.502228,127.127701,서울특별시 송파구 오금로 지하321(오금동)
20240630,11,서울특별시,521,오목교(목동운동장앞),S1105,5호선,37.524557,126.875049,서울특별시 양천구 오목로 지하342(목동)
20240630,11,서울특별시,P550,올림픽공원(한국체대),S1105,5호선,37.516217,127.130957,서울특별시 송파구 양재대로 지하1233(방이동)
20240630,11,서울특별시,540,왕십리(성동구청),S1105,5호선,37.56197,127.037264,서울특별시 성동구 왕십리로 지하300(행당동)
20240630,11,서울특별시,516,우장산,S1105,5호선,37.548864,126.83633,서울특별시 강서구 강서로 지하262(화곡동)
20240630,11,서울특별시,535,을지로4가,S1105,5호선,37.56658,126.998127,서울특별시 중구 창경궁로 지하51(주교동)
20240630,11,서울특별시,543,장한평,S1105,5호선,37.561438,127.064601,서울특별시 동대문구 천호대로 지하405(장안동)
20240630,11,서울특별시,534,종로3가(탑골공원),S1105,5호선,37.572546,126.990447,서울특별시 종로구 돈화문로11길 지하 26(돈의동)
20240630,11,서울특별시,547,천호(풍납토성),S1105,5호선,37.538566,127.123539,서울특별시 강동구 천호대로 지하997(천호동)
20240630,11,서울특별시,537,청구,S1105,5호선,37.560237,127.01379,서울특별시 중구 청구로 지하77(신당동)
20240630,11,서울특별시,531,충정로(경기대입구),S1105,5호선,37.560061,126.962783,서울특별시 서대문구 충정로 지하 28-1(충정로3가)
20240630,11,서울특별시,539,행당,S1105,5호선,37.557297,127.029482,서울특별시 성동구 행당로 지하89(행당동)
20240630,11,서울특별시,517,화곡,S1105,5호선,37.541585,126.840436,서울특별시 강서구 화곡로 지하168(화곡동)
20240630,11,서울특별시,640,고려대(종암),S1106,6호선,37.586261,127.02903,서울특별시 성북구 종암로 지하1(종암동)
20240630,11,서울특별시,626,공덕,S1106,6호선,37.547732,126.942214,서울특별시 마포구 백범로 지하200(공덕동)
20240630,11,서울특별시,624,광흥창(서강),S1106,6호선,37.547704,126.92292,서울특별시 마포구 독막로 지하165(창전동)
20240630,11,서울특별시,615,구산,S1106,6호선,37.618596,126.920519,서울특별시 은평구 연서로 지하137-1(구산동)
20240630,11,서울특별시,629,녹사평(용산구청),S1106,6호선,37.535563,126.973996,서울특별시 용산구 녹사평대로 지하195(용산동4가)
20240630,11,서울특별시,625,대흥(서강대앞),S1106,6호선,37.547464,126.931971,서울특별시 마포구 대흥로 지하85(대흥동)
20240630,11,서울특별시,613,독바위,S1106,6호선,37.618413,126.933035,서울특별시 은평구 불광로 지하129-1(불광동)
20240630,11,서울특별시,643,돌곶이,S1106,6호선,37.606392,127.048509,서울특별시 성북구 화랑로 지하243(석관동)
20240630,11,서울특별시,636,동묘앞,S1106,6호선,37.566174,127.016158,서울특별시 종로구 지봉로 지하24(숭인동)
20240630,11,서울특별시,618,디지털미디어시티,S1106,6호선,37.583989,126.909785,서울특별시 은평구 수색로 지하175(증산동)
20240630,11,서울특별시,620,마포구청,S1106,6호선,37.569439,126.899077,서울특별시 마포구 월드컵로 지하190(성산동)
20240630,11,서울특별시,621,망원,S1106,6호선,37.563535,126.903326,서울특별시 마포구 월드컵로 지하77(망원동)
20240630,11,서울특별시,632,버티고개,S1106,6호선,37.53956,127.001729,서울특별시 중구 다산로 지하38(신당동)
20240630,11,서울특별시,638,보문,S1106,6호선,37.579772,127.015246,서울특별시 성북구 보문로 지하116(보문동1가)
20240630,11,서울특별시,647,봉화산(서울의료원),S1106,6호선,37.619875,127.084106,서울특별시 중랑구 신내로 지하232(신내동)
20240630,11,서울특별시,612,불광,S1106,6호선,37.610919,126.929504,서울특별시 은평구 통일로 지하723-1(대조동)
20240630,11,서울특별시,628,삼각지(전쟁기념관),S1106,6호선,37.539279,126.961348,서울특별시 용산구 한강대로 지하185(한강로1가)
20240630,11,서울특별시,623,상수,S1106,6호선,37.549033,126.913546,서울특별시 마포구 독막로 지하85(상수동)
20240630,11,서울특별시,642,상월곡(한국과학기술연구원),S1106,6호선,37.60192,127.041492,서울특별시 성북구 화랑로 지하157(상월곡동)
20240630,11,서울특별시,616,새절(신사),S1106,6호선,37.611223,126.917246,서울특별시 은평구 증산로 지하400(신사동)
20240630,11,서울특별시,644,석계,S1106,6호선,37.610522,127.056419,서울특별시 노원구 화랑로 지하 347-1(월계동) 
20240630,11,서울특별시,648,신내,S1106,6호선,37.612571,127.104326,서울특별시 중랑구 용마산로136길 33 신내차량기지
20240630,11,서울특별시,635,신당,S1106,6호선,37.560221,127.013776,서울특별시 중구 다산로 지하260(흥인동)
20240630,11,서울특별시,639,안암(고대병원앞),S1106,6호선,37.585293,127.019377,서울특별시 성북구 고려대로 지하89(안암동5가)
20240630,11,서울특별시,633,약수,S1106,6호선,37.547933,127.006948,서울특별시 중구 다산로 지하115(신당동)
20240630,11,서울특별시,611,역촌,S1106,6호선,37.60605,126.922764,서울특별시 은평구 서오릉로 지하63(녹번동)
20240630,11,서울특별시,614,연신내,S1106,6호선,37.617293,127.091375,서울특별시 은평구 통일로 지하849(갈현동)
20240630,11,서울특별시,641,월곡(동덕여대),S1106,6호선,37.59034,127.03626,서울특별시 성북구 월곡로 지하107(하월곡동)
20240630,11,서울특별시,619,월드컵경기장(성산),S1106,6호선,37.577005,126.898643,서울특별시 마포구 월드컵로 지하240(성산동)
20240630,11,서울특별시,610,응암,S1106,6호선,37.59859,126.915583,서울특별시 은평구 증산로 지하477(신사동)
20240630,11,서울특별시,630,이태원,S1106,6호선,37.53469,126.98665,서울특별시 용산구 이태원로 지하177(이태원동)
20240630,11,서울특별시,617,증산(명지대앞),S1106,6호선,37.591148,126.913613,서울특별시 은평구 증산로 지하306(증산동)
20240630,11,서울특별시,637,창신,S1106,6호선,37.572275,127.015666,서울특별시 종로구 지봉로 지하112(창신동)
20240630,11,서울특별시,634,청구,S1106,6호선,37.554087,127.010237,서울특별시 중구 청구로 지하77(신당동)
20240630,11,서울특별시,645,태릉입구,S1106,6호선,37.614937,127.065922,서울특별시 노원구 동일로 지하 992-1(공릉동)
20240630,11,서울특별시,631,한강진,S1106,6호선,37.534485,126.994369,서울특별시 용산구 이태원로 지하287(한남동)
20240630,11,서울특별시,622,합정,S1106,6호선,37.556031,126.910129,서울특별시 마포구 양화로 지하45(합정동)
20240630,11,서울특별시,646,화랑대(서울여대입구),S1106,6호선,37.617319,127.074741,서울특별시 노원구 화랑로 지하510(공릉동)
20240630,11,서울특별시,627,효창공원앞,S1106,6호선,37.543592,126.951664,서울특별시 용산구 백범로 지하287(효창동)
20240630,11,서울특별시,746,가산디지털단지,S1107,7호선,37.480376,126.882704,서울특별시 금천구 벚꽃로 309(가산동)
20240630,11,서울특별시,730,강남구청,S1107,7호선,37.517185,127.04122,서울특별시 강남구 학동로 지하346(삼성동)
20240630,11,서울특별시,727,건대입구,S1107,7호선,37.540882,127.071103,서울특별시 광진구 능동로 지하110(화양동)
20240630,11,서울특별시,734,고속터미널,S1107,7호선,37.503387,127.005055,서울특별시 서초구 신반포로 지하188(반포동)
20240630,11,서울특별시,716,공릉(서울과학기술대),S1107,7호선,37.625642,127.072969,서울특별시 노원구 동일로 지하1074(공릉동)
20240630,11,서울특별시,725,군자(능동),S1107,7호선,37.557151,127.079484,서울특별시 광진구 천호대로 지하550(능동)
20240630,11,서울특별시,745,남구로,S1107,7호선,37.486181,126.887372,서울특별시 구로구 도림로 지하7(구로동) 
20240630,11,서울특별시,737,남성,S1107,7호선,37.484688,126.971108,서울특별시 동작구 사당로 지하218(사당동)
20240630,11,서울특별시,735,내방,S1107,7호선,37.48764,126.993541,서울특별시 서초구 서초대로 지하103(방배동)
20240630,11,서울특별시,713,노원,S1107,7호선,37.654478,127.060555,서울특별시 노원구 동일로 지하1409(상계동)
20240630,11,서울특별시,732,논현,S1107,7호선,37.511108,127.021385,서울특별시 강남구 학동로 지하102(논현동)
20240630,11,서울특별시,744,대림(구로구청),S1107,7호선,37.492984,126.896997,서울특별시 영등포구 도림로 지하137(대림동)
20240630,11,서울특별시,710,도봉산,S1107,7호선,37.689131,127.046548,서울특별시 도봉구 도봉로 964-40(도봉동)
20240630,11,서울특별시,712,마들,S1107,7호선,37.664985,127.057701,서울특별시 노원구 동일로 지하1530-1(상계동)
20240630,11,서울특별시,718,먹골,S1107,7호선,37.610638,127.077719,서울특별시 중랑구 동일로 지하901(묵동)
20240630,11,서울특별시,721,면목,S1107,7호선,37.588671,127.087503,서울특별시 중랑구 면목로 지하407(면목동) 
20240630,11,서울특별시,733,반포,S1107,7호선,37.508171,127.011717,서울특별시 서초구 신반포로 지하241(잠원동)
20240630,11,서울특별시,742,보라매,S1107,7호선,37.499916,126.920112,서울특별시 동작구 상도로 지하2(대방동)
20240630,11,서울특별시,722,사가정,S1107,7호선,37.580912,127.088502,서울특별시 중랑구 사가정로 지하393(면목동)
20240630,11,서울특별시,739,상도,S1107,7호선,37.50279,126.947949,서울특별시 동작구 상도로 지하272(상도1동)
20240630,11,서울특별시,720,상봉,S1107,7호선,37.595673,127.085708,서울특별시 중랑구 망우로 297(상봉동)
20240630,11,서울특별시,711,수락산,S1107,7호선,37.677804,127.055314,서울특별시 노원구 동일로 지하1662(상계동)
20240630,11,서울특별시,738,숭실대입구(살피재),S1107,7호선,37.496258,126.953649,서울특별시 동작구 상도로 지하378(상도동)
20240630,11,서울특별시,741,신대방삼거리,S1107,7호선,37.499717,126.928218,서울특별시 동작구 상도로 지하76(대방동)
20240630,11,서울특별시,743,신풍,S1107,7호선,37.500107,126.909806,서울특별시 영등포구 신풍로 지하27(신길동)
20240630,11,서울특별시,726,어린이대공원(세종대),S1107,7호선,37.547962,127.07465,서울특별시 광진구 능동로 지하210(화양동)
20240630,11,서울특별시,750,온수(성공회대입구),S1107,7호선,37.492059,126.823294,서울특별시 구로구 경인로3길 지하64(온수동)
20240630,11,서울특별시,723,용마산(용마폭포공원),S1107,7호선,37.573752,127.086802,서울특별시 중랑구 용마산로 지하227(면목동)
20240630,11,서울특별시,728,자양(뚝섬한강공원),S1107,7호선,37.531558,127.066714,서울특별시 광진구 능동로 10(자양동)
20240630,11,서울특별시,740,장승배기,S1107,7호선,37.504845,126.939025,서울특별시 동작구 상도로 지하188(상도동) 
20240630,11,서울특별시,714,중계,S1107,7호선,37.645052,127.064084,서울특별시 노원구 동일로 지하1308-1(중계동)
20240630,11,서울특별시,724,중곡,S1107,7호선,37.565877,127.084291,서울특별시 광진구 능동로 지하417(중곡동)
20240630,11,서울특별시,719,중화,S1107,7호선,37.602604,127.079254,서울특별시 중랑구 동일로 지하797(중화동)
20240630,11,서울특별시,749,천왕,S1107,7호선,37.486699,126.838684,서울특별시 구로구 오리로 지하1154(천왕동)
20240630,11,서울특별시,729,청담,S1107,7호선,37.519097,127.051851,서울특별시 강남구 학동로 지하508(청담동)
20240630,11,서울특별시,736,총신대입구(이수),S1107,7호선,37.485258,126.981766,서울특별시 동작구 사당로 지하310(사당동)
20240630,11,서울특별시,717,태릉입구,S1107,7호선,37.617319,127.074741,서울특별시 노원구 동일로 지하 992-1(공릉동)
20240630,11,서울특별시,715,하계,S1107,7호선,37.636363,127.067999,서울특별시 노원구 동일로 지하1196(하계동)
20240630,11,서울특별시,731,학동,S1107,7호선,37.514262,127.031738,서울특별시 강남구 학동로 지하180(논현동)
20240630,11,서울특별시,817,가락시장,S1108,8호선,37.493004,127.118279,서울특별시 송파구 송파대로 지하257(가락동)
20240630,11,서울특별시,812,강동구청,S1108,8호선,37.530348,127.120461,서울특별시 강동구 올림픽로 지하550(성내동)
20240630,11,서울특별시,813,몽촌토성(평화의문),S1108,8호선,37.517692,127.11274,서울특별시 송파구 올림픽로 지하383(신천동)
20240630,11,서울특별시,818,문정,S1108,8호선,37.485931,127.122473,서울특별시 송파구 송파대로 지하179(문정동)
20240630,11,서울특별시,820,복정,S1108,8호선,37.471016,127.126746,서울특별시 송파구 송파대로 지하6(장지동)
20240630,11,서울특별시,815,석촌,S1108,8호선,37.505396,127.106995,서울특별시 송파구 송파대로 지하439(석촌동)
20240630,11,서울특별시,816,송파,S1108,8호선,37.49978,127.11212,서울특별시 송파구 송파대로 지하354(가락동)
20240630,11,서울특별시,810,암사,S1108,8호선,37.550127,127.127521,서울특별시 강동구 올림픽로 지하776(암사동)
20240630,11,서울특별시,809,암사역사공원,S1108,8호선,37.556667,127.135556,서울시 강동구 아리수로 27번길 2
20240630,11,서울특별시,814,잠실(송파구청),S1108,8호선,37.514649,127.104267,서울특별시 송파구 올림픽로 305(신천동)
20240630,11,서울특별시,819,장지,S1108,8호선,37.478609,127.126229,서울특별시 송파구 송파대로 지하82(장지동)
20240630,11,서울특별시,811,천호(풍납토성),S1108,8호선,37.53792,127.123179,서울특별시 강동구 천호대로 지하997(천호동)
20240630,11,서울특별시,4107,가양,S1109,서울 도시철도 9호선,37.561391,126.854456,서울특별시 강서구 양천로 지하485
20240630,11,서울특별시,4101,개화,S1109,서울 도시철도 9호선,37.578608,126.798153,서울특별시 강서구 개화동로8길 19
20240630,11,서울특별시,4123,고속터미널,S1109,서울 도시철도 9호선,37.50481,127.004943,서울특별시 서초구 신반포로 지하188
20240630,11,서울특별시,4103,공항시장,S1109,서울 도시철도 9호선,37.563726,126.810678,서울특별시 강서구 방화동로 지하30
20240630,11,서울특별시,4121,구반포,S1109,서울 도시철도 9호선,37.501364,126.987332,서울특별시 서초구 신반포로 지하17
20240630,11,서울특별시,4114,국회의사당,S1109,서울 도시철도 9호선,37.528105,126.917874,서울특별시 영등포구 국회대로 지하758
20240630,11,서울특별시,4102,김포공항,S1109,서울 도시철도 9호선,37.562434,126.801058,서울특별시 강서구 하늘길 지하77
20240630,11,서울특별시,4118,노들,S1109,서울 도시철도 9호선,37.512887,126.953222,서울특별시 동작구 노량진로 지하238 (본동)
20240630,11,서울특별시,4117,노량진,S1109,서울 도시철도 9호선,37.514219,126.942454,서울특별시 동작구 노량진로 지하130
20240630,11,서울특별시,4113,당산,S1109,서울 도시철도 9호선,37.53438,126.902281,서울특별시 영등포구 당산로 229
20240630,11,서울특별시,4120,동작(현충원),S1109,서울 도시철도 9호선,37.502971,126.979306,서울특별시 동작구 현충로 지하220 (동작동)
20240630,11,서울특별시,4109,등촌,S1109,서울 도시철도 9호선,37.550632,126.865689,서울특별시 강서구 공항대로 지하529
20240630,11,서울특별시,4105,마곡나루(서울식물원),S1109,서울 도시철도 9호선,37.567336,126.829497,서울특별시 강서구 마곡중앙5로 지하2
20240630,11,서울특별시,4124,사평,S1109,서울 도시철도 9호선,37.504206,127.015259,서울특별시 서초구 사평대로 지하285
20240630,11,서울특별시,4116,샛강,S1109,서울 도시철도 9호선,37.517274,126.928422,서울특별시 영등포구 의사당대로 지하166
20240630,11,서울특별시,4112,선유도,S1109,서울 도시철도 9호선,37.53802,126.893525,서울특별시 영등포구 양평로 지하124
20240630,11,서울특별시,4125,신논현,S1109,서울 도시철도 9호선,37.504598,127.02506,서울특별시 강남구 봉은사로 지하102
20240630,11,서울특별시,4111,신목동,S1109,서울 도시철도 9호선,37.544277,126.88308,서울특별시 양천구 목동중앙로 지하217
20240630,11,서울특별시,4122,신반포,S1109,서울 도시철도 9호선,37.503415,126.995925,서울특별시 서초구 신반포로 지하105
20240630,11,서울특별시,4104,신방화,S1109,서울 도시철도 9호선,37.567532,126.816601,서울특별시 강서구 방화대로 지하301
20240630,11,서울특별시,4106,양천향교,S1109,서울 도시철도 9호선,37.568381,126.841333,서울특별시 강서구 양천로 지하341
20240630,11,서울특별시,4115,여의도,S1109,서울 도시철도 9호선,37.521624,126.924191,서울특별시 영등포구 의사당대로 지하101 (여의도동)
20240630,11,서울특별시,4110,염창,S1109,서울 도시철도 9호선,37.546936,126.874916,서울특별시 강서구 공항대로 지하631
20240630,11,서울특별시,4108,증미,S1109,서울 도시철도 9호선,37.557402,126.861939,서울특별시 강서구 양천로 지하560
20240630,11,서울특별시,4119,흑석(중앙대입구),S1109,서울 도시철도 9호선,37.50877,126.963708,서울특별시 동작구 현충로 지하90 (흑석동)
20240630,11,서울특별시,4137,둔촌오륜,S1109,수도권  도시철도 9호선,37.519339,127.138619,서울특별시 강동구 강동대로 지하 327
20240630,11,서울특별시,4129,봉은사,S1109,수도권  도시철도 9호선,37.514219,127.060245,서울특별시 강남구 봉은사로 601
20240630,11,서울특별시,4128,삼성중앙,S1109,수도권  도시철도 9호선,37.513011,127.053282,서울특별시 강남구 봉은사로 501
20240630,11,서울특별시,4131,삼전,S1109,수도권  도시철도 9호선,37.504531,127.087211,서울특별시 송파구 백제고분로 지하 187
20240630,11,서울특별시,4133,석촌,S1109,수도권  도시철도 9호선,37.505278,127.106944,서울특별시 송파구 석촌동 209
20240630,11,서울특별시,4132,석촌고분,S1109,수도권  도시철도 9호선,37.502439,127.096611,서울특별시 송파구 삼학사로 지하 53 
20240630,11,서울특별시,4127,선정릉,S1109,수도권  도시철도 9호선,37.51098,127.043593,서울특별시 강남구 선릉로 580
20240630,11,서울특별시,4134,송파나루,S1109,수도권  도시철도 9호선,37.51055,127.112451,서울특별시 송파구 백제고분로 지하 446
20240630,11,서울특별시,4126,언주,S1109,수도권  도시철도 9호선,37.507287,127.033868,서울특별시 강남구 봉은사로 201
20240630,11,서울특별시,4136,올림픽공원(한국체대),S1109,수도권  도시철도 9호선,37.516111,127.130333,서울특별시 송파구 양재대로 지하 1233
20240630,11,서울특별시,4130,종합운동장,S1109,수도권  도시철도 9호선,37.511156,127.076917,서울특별시 송파구 올림픽로 23
20240630,11,서울특별시,4138,중앙보훈병원,S1109,수도권  도시철도 9호선,37.528807,127.148488,서울특별시 강동구 명일로 지하 117
20240630,11,서울특별시,4135,한성백제,S1109,수도권  도시철도 9호선,37.516369,127.116211,서울특별시 송파구 위례성대로 지하 51
20240630,11,서울특별시,2112,신답,S1121,2호선,37.56147,127.056348,서울특별시 성동구 천호대로 232(용답동)
20240630,11,서울특별시,2114,신설동,S1121,2호선,37.574653,127.025158,서울특별시 동대문구 왕산로 지하 1(신설동)
20240630,11,서울특별시,2111,용답,S1121,2호선,37.566412,126.977863,서울특별시 성동구 용답길 86(용답동)
20240630,11,서울특별시,2113,용두(동대문구청),S1121,2호선,37.574012,127.03811,서울특별시 동대문구 천호대로 지하129(용두동)
20240630,11,서울특별시,2341,도림천,S1122,2호선,37.514759,126.882586,서울특별시 구로구 경인로67길 160(신도림동)
20240630,11,서울특별시,2343,신정네거리,S1122,2호선,37.520218,126.852849,서울특별시 양천구 중앙로 지하261(신정동)
20240630,11,서울특별시,2342,양천구청,S1122,2호선,37.512194,126.865193,서울특별시 양천구 목동로3길 지하33(신정동)
20240630,21,부산광역시,8003,거제역,I26K6,동해선,35.1879,129.0754,부산광역시 연제구 거제동 419-2
20240630,21,부산광역시,8002,거제해맞이역,I26K6,동해선,35.182197,129.069315,부산광역시 연제구 거제동 619-1
20240630,21,부산광역시,8004,교대역,I26K6,동해선,35.1951,129.08,부산시 연제구 중앙대로 1196
20240630,21,부산광역시,8013,기장역,I26K6,동해선,35.243027,129.218551,부산시 기장군 기장읍 차성로288번길 86
20240630,21,부산광역시,8005,동래역,I26K6,동해선,35.205614,129.078502,부산광역시 동래구 낙민동 130-4
20240630,21,부산광역시,8009,벡스코역,I26K6,동해선,35.16899,129.13868,부산광역시 해운대구 우동 1111-2
20240630,21,부산광역시,8001,부전역,I26K6,동해선,35.164668,129.06011,부산광역시 부산진구 부전로 181
20240630,21,부산광역시,8008,센텀역,I26K6,동해선,35.1793,129.1245,부산시 해운대구 해운대로 210
20240630,21,부산광역시,8010,신해운대역,I26K6,동해선,35.181832,129.176696,부산시 해운대구 장산로 427
20240630,21,부산광역시,8006,안락역,I26K6,동해선,35.195907,129.101062,부산광역시 동래구 안락동 201-2
20240630,21,부산광역시,8012,오시리아역,I26K6,동해선,35.196256,129.208291,부산광역시 기장군 기장읍 당사리 261-8
20240630,21,부산광역시,8017,월내역,I26K6,동해선,35.328177,129.272625,부산시 기장군 장안읍 월내리 141-4
20240630,21,부산광역시,8014,일광역,I26K6,동해선,35.265565,129.233307,부산광역시 기장군 일광면 이천리 750-4
20240630,21,부산광역시,8007,재송역,I26K6,동해선,35.189,129.120919,부산시 해운대구 해운대로 100
20240630,21,부산광역시,8016,좌천역,I26K6,동해선,35.311838,129.241097,부산시 기장군 장안읍 좌천리 239-4
20240630,21,부산광역시,413,고촌,L2604,부산 경량도시철도 4호선,35.23603,129.1605,부산광역시 기장군 철마면 반송로 991
20240630,21,부산광역시,408,금사,L2604,부산 경량도시철도 4호선,35.21583,129.11517,부산광역시 금정구 반송로 지하 465
20240630,21,부산광역시,404,낙민,L2604,부산 경량도시철도 4호선,35.20025,129.09078,부산광역시 동래구 충렬대로 지하 285
20240630,21,부산광역시,402,동래,L2604,부산 경량도시철도 4호선,35.20556,129.07861,부산광역시 동래구 온천2동 1486번지
20240630,21,부산광역시,406,명장,L2604,부산 경량도시철도 4호선,35.20503,129.10161,부산광역시 동래구 반송로 지하 281
20240630,21,부산광역시,401,미남,L2604,부산 경량도시철도 4호선,35.20643,129.06868,부산광역시 동래구 충렬대로 지하 147
20240630,21,부산광역시,409,반여농산물시장,L2604,부산 경량도시철도 4호선,35.21778,129.12397,부산광역시 해운대구 반송로 550
20240630,21,부산광역시,407,서동,L2604,부산 경량도시철도 4호선,35.21331,129.10769,부산광역시 금정구 반송로 지하 387
20240630,21,부산광역시,410,석대,L2604,부산 경량도시철도 4호선,35.21825,129.13717,부산광역시 해운대구 석대천로 121
20240630,21,부산광역시,403,수안,L2604,부산 경량도시철도 4호선,35.20183,129.08378,부산광역시 동래구 충렬대로 지하 223
20240630,21,부산광역시,414,안평,L2604,부산 경량도시철도 4호선,35.23733,129.17183,부산광역시 기장군 철마면 반송로 1001
20240630,21,부산광역시,411,영산대,L2604,부산 경량도시철도 4호선,35.22578,129.14617,부산광역시 해운대구 반송로 803
20240630,21,부산광역시,412,윗반송,L2604,부산 경량도시철도 4호선,35.2325,129.15403,부산광역시 해운대구 반송로 917
20240630,21,부산광역시,405,충렬사,L2604,부산 경량도시철도 4호선,35.19986,129.09764,부산광역시 동래구 반송로 지하 205
20240630,21,부산광역시,4,공항,L48B1,부산김해경전철,35.17190681,128.9485868,부산광역시 강서구 공항진입로 165
20240630,21,부산광역시,2,괘법르네시떼,L48B1,부산김해경전철,35.1632616,128.9776836,부산광역시 사상구 광장로 9
20240630,21,부산광역시,9,대사,L48B1,부산김해경전철,35.21765721,128.9384172,부산광역시 강서구 낙동북로 82
20240630,21,부산광역시,7,대저,L48B1,부산김해경전철,35.21306614,128.9605622,부산광역시 강서구 낙동북로 294
20240630,21,부산광역시,5,덕두,L48B1,부산김해경전철,35.18200034,128.9541983,부산광역시 강서구 경전철로 10
20240630,21,부산광역시,6,등구,L48B1,부산김해경전철,35.19614342,128.963599,부산광역시 강서구 경전철로 194
20240630,21,부산광역시,1,사상,L48B1,부산김해경전철,35.1623018,128.9859408,부산광역시 사상구 광장로 83
20240630,21,부산광역시,3,서부산유통지구,L48B1,부산김해경전철,35.16640204,128.9548881,부산광역시 강서구 유통단지1로 57번길 7
20240630,21,부산광역시,8,평강,L48B1,부산김해경전철,35.21425671,128.9508849,부산광역시 강서구 낙동북로 203
20240630,21,부산광역시,105,괴정,S2601,부산 도시철도 1호선,35.1,128.9925,부산광역시 사하구 낙동대로 지하 221
20240630,21,부산광역시,124,교대,S2601,부산 도시철도 1호선,35.19583,129.08,부산광역시 연제구 중앙대로 지하 1217
20240630,21,부산광역시,130,구서,S2601,부산 도시철도 1호선,35.24722,129.09139,부산광역시 금정구 금정로 233번길 46
20240630,21,부산광역시,132,남산,S2601,부산 도시철도 1호선,35.26528,129.0925,부산광역시 금정구 중앙대로 지하2019-1 
20240630,21,부산광역시,111,남포,S2601,부산 도시철도 1호선,35.09778,129.03472,부산광역시 중구 구덕로 지하 12
20240630,21,부산광역시,97,낫개,S2601,부산 도시철도 1호선,35.065179,128.979932,부산광역시 사하구 다대로 지하422
20240630,21,부산광역시,134,노포,S2601,부산 도시철도 1호선,35.28361,129.095,부산광역시 금정구 중앙대로 2238
20240630,21,부산광역시,96,다대포항,S2601,부산 도시철도 1호선,35.057288,128.971251,부산광역시 사하구 다대로 지하 548
20240630,21,부산광역시,95,다대포해수욕장,S2601,부산 도시철도 1호선,35.048429,128.965919,부산광역시 사하구 다대로 지하 692
20240630,21,부산광역시,103,당리,S2601,부산 도시철도 1호선,35.10333,128.97417,부산광역시 사하구 낙동대로 지하 405
20240630,21,부산광역시,106,대티,S2601,부산 도시철도 1호선,35.10306,128.99972,부산광역시 사하구 낙동대로 지하 141
20240630,21,부산광역시,108,동대신,S2601,부산 도시철도 1호선,35.11056,129.01778,부산광역시 서구 구덕로 지하 290
20240630,21,부산광역시,125,동래,S2601,부산 도시철도 1호선,35.20556,129.07861,부산광역시 동래구 중앙대로 1324
20240630,21,부산광역시,100,동매,S2601,부산 도시철도 1호선,35.089819,128.974029,부산광역시 사하구 신산로 지하168
20240630,21,부산광역시,131,두실,S2601,부산 도시철도 1호선,35.25694,129.09139,부산광역시 금정구 중앙대로 1927-1
20240630,21,부산광역시,126,명륜,S2601,부산 도시철도 1호선,35.21222,129.07944,부산광역시 동래구 중앙대로 1414
20240630,21,부산광역시,118,범내골,S2601,부산 도시철도 1호선,35.14722,129.05917,부산광역시 부산진구 중앙대로 지하 612
20240630,21,부산광역시,133,범어사,S2601,부산 도시철도 1호선,35.27333,129.09278,부산광역시 금정구 중앙대로 지하 2107
20240630,21,부산광역시,117,범일,S2601,부산 도시철도 1호선,35.14139,129.05944,부산광역시 동구 범일로 지하 108
20240630,21,부산광역시,128,부산대,S2601,부산 도시철도 1호선,35.23,129.08944,부산광역시 금정구 장전온천천로 48
20240630,21,부산광역시,113,부산역,S2601,부산 도시철도 1호선,35.11528,129.03972,부산광역시 동구 중앙대로 지하 200
20240630,21,부산광역시,115,부산진,S2601,부산 도시철도 1호선,35.12778,129.04778,부산광역시 동구 중앙대로 지하 350
20240630,21,부산광역시,120,부전,S2601,부산 도시철도 1호선,35.1625,129.06278,부산광역시 부산진구 중앙대로 지하 786
20240630,21,부산광역시,104,사하,S2601,부산 도시철도 1호선,35.09972,128.98333,부산광역시 사하구 낙동대로 지하 309
20240630,21,부산광역시,107,서대신,S2601,부산 도시철도 1호선,35.11083,129.01194,부산광역시 서구 대영로 지하 1
20240630,21,부산광역시,119,서면,S2601,부산 도시철도 1호선,35.15778,129.05917,부산광역시 부산진구 중앙대로 지하 730
20240630,21,부산광역시,122,시청,S2601,부산 도시철도 1호선,35.17972,129.07667,부산광역시 연제구 중앙대로 지하 1017
20240630,21,부산광역시,98,신장림,S2601,부산 도시철도 1호선,35.074222,128.976638,부산광역시 사하구 다대로 지하310
20240630,21,부산광역시,101,신평,S2601,부산 도시철도 1호선,35.09556,128.96056,부산광역시 사하구 하신번영로 140
20240630,21,부산광역시,121,양정,S2601,부산 도시철도 1호선,35.17304,129.07119,부산광역시 부산진구 중앙대로 지하930 
20240630,21,부산광역시,123,연산,S2601,부산 도시철도 1호선,35.18611,129.08167,부산광역시 연제구 중앙대로 지하 1101
20240630,21,부산광역시,127,온천장,S2601,부산 도시철도 1호선,35.22056,129.08667,부산광역시 동래구 중앙대로 1520
20240630,21,부산광역시,110,자갈치,S2601,부산 도시철도 1호선,35.0975,129.02694,부산광역시 중구 구덕로 지하 80
20240630,21,부산광역시,99,장림,S2601,부산 도시철도 1호선,35.081555,128.977638,부산광역시 사하구 다대로 지하230
20240630,21,부산광역시,129,장전,S2601,부산 도시철도 1호선,35.23806,129.08806,부산광역시 금정구 장전온천천로 144
20240630,21,부산광역시,116,좌천,S2601,부산 도시철도 1호선,35.13417,129.05417,부산광역시 동구 중앙대로 지하 446
20240630,21,부산광역시,112,중앙,S2601,부산 도시철도 1호선,35.10389,129.03639,부산광역시 중구 중앙대로 지하 83
20240630,21,부산광역시,114,초량,S2601,부산 도시철도 1호선,35.12111,129.04296,부산광역시 동구 중앙대로 지하 264
20240630,21,부산광역시,109,토성,S2601,부산 도시철도 1호선,35.10083,129.01972,부산광역시 서구 구덕로 지하 170
20240630,21,부산광역시,102,하단,S2601,부산 도시철도 1호선,35.10611,128.96667,부산광역시 사하구 낙동남로 지하 1415
20240630,21,부산광역시,221,가야,S2602,부산 도시철도 2호선,35.15589,129.04283,부산광역시 부산진구 가야대로 지하 650
20240630,21,부산광역시,226,감전,S2602,부산 도시철도 2호선,35.15553,128.99114,부산광역시 사상구 사상로 지하 93-1
20240630,21,부산광역시,223,개금,S2602,부산 도시철도 2호선,35.15325,129.02056,부산광역시 부산진구 가야대로 지하 442
20240630,21,부산광역시,212,경성대·부경대,S2602,부산 도시철도 2호선,35.13757,129.10055,부산광역시 남구 수영로 지하 324
20240630,21,부산광역시,209,광안,S2602,부산 도시철도 2호선,35.15792,129.11097,부산광역시 수영구 수영로 지하 576
20240630,21,부산광역시,231,구남,S2602,부산 도시철도 2호선,35.19681,128.99492,부산광역시 북구 백양대로 지하 1026
20240630,21,부산광역시,232,구명,S2602,부산 도시철도 2호선,35.20253,128.99931,부산광역시 북구 백양대로 지하 1094
20240630,21,부산광역시,217,국제금융센터·부산은행,S2602,부산 도시철도 2호선,35.14583,129.06672,부산광역시 남구 전포대로 지하97 
20240630,21,부산광역시,238,금곡,S2602,부산 도시철도 2호선,35.26733,129.01686,부산광역시 북구 금곡대로 685
20240630,21,부산광역시,210,금련산,S2602,부산 도시철도 2호선,35.14989,129.10883,부산광역시 수영구 수영로 지하 482
20240630,21,부산광역시,211,남천,S2602,부산 도시철도 2호선,35.14217,129.10797,부산광역시 수영구 수영로 지하 410
20240630,21,부산광역시,224,냉정,S2602,부산 도시철도 2호선,35.15125,129.01228,부산광역시 사상구 가야대로 지하 362-1
20240630,21,부산광역시,213,대연,S2602,부산 도시철도 2호선,35.13512,129.09218,부산광역시 남구 수영로 지하 242
20240630,21,부산광역시,233,덕천,S2602,부산 도시철도 2호선,35.21011,129.00533,부산광역시 북구 금곡대로 지하 14
20240630,21,부산광역시,228,덕포,S2602,부산 도시철도 2호선,35.17378,128.98394,부산광역시 사상구 사상로 지하 320-1
20240630,21,부산광역시,204,동백,S2602,부산 도시철도 2호선,35.16147,129.14575,부산광역시 해운대구 해운대로 지하 522
20240630,21,부산광역시,237,동원,S2602,부산 도시철도 2호선,35.25864,129.01242,부산광역시 북구 금곡대로 575
20240630,21,부산광역시,222,동의대,S2602,부산 도시철도 2호선,35.15411,129.0325,부산광역시 부산진구 가야대로 지하 554
20240630,21,부산광역시,229,모덕,S2602,부산 도시철도 2호선,35.18036,128.98561,부산광역시 사상구 사상로 지하 409
20240630,21,부산광역시,230,모라,S2602,부산 도시철도 2호선,35.18967,128.98864,부산광역시 사상구 사상로 지하 498
20240630,21,부산광역시,214,못골,S2602,부산 도시철도 2호선,35.13472,129.08442,부산광역시 남구 수영로 지하 170
20240630,21,부산광역시,216,문현,S2602,부산 도시철도 2호선,35.13911,129.06736,부산광역시 남구 전포대로 지하 17
20240630,21,부산광역시,207,민락,S2602,부산 도시철도 2호선,35.16722,129.11978,부산광역시 수영구 수영로 지하 769
20240630,21,부산광역시,205,벡스코,S2602,부산 도시철도 2호선,35.16919,129.13631,부산광역시 해운대구 해운대로 지하 396
20240630,21,부산광역시,220,부암,S2602,부산 도시철도 2호선,35.15744,129.05019,부산광역시 부산진구 가야대로 지하 719
20240630,21,부산광역시,227,사상,S2602,부산 도시철도 2호선,35.16218,128.98467,부산광역시 사상구 사상로 지하 203
20240630,21,부산광역시,219,서면,S2602,부산 도시철도 2호선,35.15778,129.05917,부산광역시 부산진구 부전동 573번지
20240630,21,부산광역시,206,센텀시티,S2602,부산 도시철도 2호선,35.16892,129.12947,부산광역시 해운대구 센텀남대로 지하 76
20240630,21,부산광역시,208,수영,S2602,부산 도시철도 2호선,35.16778,129.11242,부산광역시 수영구 수영로 지하 677
20240630,21,부산광역시,234,수정,S2602,부산 도시철도 2호선,35.22336,129.00922,부산광역시 북구 금곡대로 지하160 
20240630,21,부산광역시,236,율리,S2602,부산 도시철도 2호선,35.24672,129.01292,부산광역시 북구 금곡대로 지하 440
20240630,21,부산광역시,201,장산,S2602,부산 도시철도 2호선,35.17,129.17694,부산광역시 해운대구 해운대로 지하 820
20240630,21,부산광역시,218,전포,S2602,부산 도시철도 2호선,35.15311,129.06533,부산광역시 부산진구 전포대로 지하 181
20240630,21,부산광역시,225,주례,S2602,부산 도시철도 2호선,35.1505,129.00306,부산광역시 사상구 가야대로 지하 292
20240630,21,부산광역시,202,중동,S2602,부산 도시철도 2호선,35.16669,129.16617,부산광역시 해운대구 해운대로 지하 730
20240630,21,부산광역시,215,지게골,S2602,부산 도시철도 2호선,35.13558,129.07436,부산광역시 남구 수영로 지하 70
20240630,21,부산광역시,203,해운대,S2602,부산 도시철도 2호선,35.18183,129.1745,부산광역시 해운대구 해운대로 지하 626
20240630,21,부산광역시,235,화명,S2602,부산 도시철도 2호선,35.2345,129.00767,부산광역시 북구 금곡대로 지하 311
20240630,21,부산광역시,315,강서구청,S2603,부산 도시철도 3호선,35.21125,128.98175,부산광역시 강서구 낙동북로 485
20240630,21,부산광역시,306,거제,S2603,부산 도시철도 3호선,35.18858,129.07394,부산광역시 연제구 월드컵대로 지하 209
20240630,21,부산광역시,314,구포,S2603,부산 도시철도 3호선,35.20544,128.99711,부산광역시 북구 낙동대로 1697
20240630,21,부산광역시,311,남산정,S2603,부산 도시철도 3호선,35.21333,129.02392,부산광역시 북구 만덕대로 지하 179
20240630,21,부산광역시,317,대저,S2603,부산 도시철도 3호선,35.21353,128.95994,부산광역시 강서구 낙동북로 295
20240630,21,부산광역시,313,덕천,S2603,부산 도시철도 3호선,35.21039,129.00525,부산광역시 북구 덕천동 327번지
20240630,21,부산광역시,310,만덕,S2603,부산 도시철도 3호선,35.213,129.0365,부산광역시 북구 만덕대로 지하 291
20240630,21,부산광역시,302,망미,S2603,부산 도시철도 3호선,35.17153,129.10822,부산광역시 수영구 연수로 지하 337
20240630,21,부산광역시,304,물만골,S2603,부산 도시철도 3호선,35.17681,129.08575,부산광역시 연제구 월드컵대로 지하 23
20240630,21,부산광역시,309,미남,S2603,부산 도시철도 3호선,35.2055,129.06806,부산광역시 동래구 아시아드대로 지하 232
20240630,21,부산광역시,303,배산,S2603,부산 도시철도 3호선,35.1735,129.0955,부산광역시 연제구 연수로 지하 229
20240630,21,부산광역시,308,사직,S2603,부산 도시철도 3호선,35.199,129.065,부산광역시 동래구 아시아드대로 지하 153
20240630,21,부산광역시,301,수영,S2603,부산 도시철도 3호선,35.16775,129.11458,부산광역시 수영구 수영로 677
20240630,21,부산광역시,312,숙등,S2603,부산 도시철도 3호선,35.21197,129.01275,부산광역시 북구 만덕대로 지하 79
20240630,21,부산광역시,305,연산,S2603,부산 도시철도 3호선,35.18614,129.08147,부산광역시 연제구 연산동 1515-1번지
20240630,21,부산광역시,307,종합운동장,S2603,부산 도시철도 3호선,35.19125,129.0675,부산광역시 연제구 아시아드대로 지하 73
20240630,21,부산광역시,316,체육공원,S2603,부산 도시철도 3호선,35.21261,128.96894,부산광역시 강서구 낙동북로 371
20240630,23,인천광역시,1816,간석역,I1101,경인선,37.464689,126.693408,인천시 남동구 석정로 522-14
20240630,23,인천광역시,1817,도원역,I1101,경인선,37.468604,126.642824,인천시 동구 참외전로 245
20240630,23,인천광역시,1823,도화역,I1101,경인선,37.466154,126.66846,인천시 남구 숙골로 24번길 9
20240630,23,인천광역시,1808,동암역,I1101,경인선,37.470835,126.703016,인천시 부평구 동암광장로 10
20240630,23,인천광역시,1811,동인천역,I1101,경인선,37.475414,126.632598,인천시 중구 참외전로 119
20240630,23,인천광역시,1807,백운역,I1101,경인선,37.483301,126.707179,인천시 부평구 마장로 55번길 14
20240630,23,인천광역시,1815,부개역,I1101,경인선,37.488479,126.740549,인천시 부평구 수변로 22
20240630,23,인천광역시,1806,부평역,I1101,경인선,37.489457,126.724584,인천시 부평구 광장로 16
20240630,23,인천광역시,1812,인천역,I1101,경인선,37.476364,126.616936,인천시 중구 제물량로 269
20240630,23,인천광역시,1810,제물포역,I1101,경인선,37.466809,126.657165,인천시 남구 경인로 129
20240630,23,인천광역시,1809,주안역,I1101,경인선,37.465041,126.680702,인천시 남구 주안로 95-19
20240630,23,인천광역시,A07,검암,I28A1,인천국제공항선,37.56902547,126.6735357,인천광역시 서구 검바위로 26
20240630,23,인천광역시,A06,계양,I28A1,인천국제공항선,37.57160721,126.736023,인천광역시 계양구 다남로 24
20240630,23,인천광역시,A09,공항화물청사,I28A1,인천국제공항선,37.45902611,126.4774333,인천광역시 중구 공항동로135번길 86
20240630,23,인천광역시,A072,영종,I28A1,인천국제공항선,37.51209814,126.5242471,인천광역시?중구?백운로414번길 75
20240630,23,인천광역시,A08,운서,I28A1,인천국제공항선,37.49284463,126.4936619,인천광역시 중구 흰바위로59번길 26
20240630,23,인천광역시,A10,인천공항1터미널,I28A1,인천국제공항선,37.44760672,126.4523433,인천광역시 중구 공항로 271
20240630,23,인천광역시,A11,인천공항2터미널,I28A1,인천국제공항선,37.45826874,126.4275356,인천광역시 중구 공항로 272
20240630,23,인천광역시,A071,청라국제도시,I28A1,인천국제공항선,37.55609897,126.6287254,인천광역시 서구 에코로 163
20240630,23,인천광역시,1883,남동인더스파크역,I28K1,수인선,37.407868,126.695613,인천시 남동구 은청로 17
20240630,23,인천광역시,1880,소래포구역,I28K1,수인선,37.400963,126.733533,인천시 남동구 소래역로 51
20240630,23,인천광역시,1886,송도역,I28K1,수인선,37.417769,126.678991,인천시 연수구 비류대로 175(옥련동)
20240630,23,인천광역시,1889,숭의역,I28K1,수인선,37.460891,126.638035,인천시 남구 인주대로 지하6
20240630,23,인천광역시,1890,신포역,I28K1,수인선,37.468442,126.624509,인천시 중구 우현로 지하 3
20240630,23,인천광역시,1885,연수역,I28K1,수인선,37.417769,126.678991,인천시 연수구 벚꽃로 115
20240630,23,인천광역시,1884,원인재역,I28K1,수인선,37.412921,126.686952,인천시 연수구 벚꽃로 195
20240630,23,인천광역시,1881,인천논현역,I28K1,수인선,37.400641,126.722495,인천시 남동구 청능대로 567
20240630,23,인천광역시,1891,인천역,I28K1,수인선,37.476364,126.616936,인천시 중구 제물량로 269
20240630,23,인천광역시,1888,인하대역,I28K1,수인선,37.448191,126.649832,인천시 남구 용현동 294-3
20240630,23,인천광역시,1882,호구포역,I28K1,수인선,37.401622,126.708682,인천시 남동구 호구포로 205
20240630,23,인천광역시,3760,굴포천,S1107,도시철도 7호선,37.50695,126.731481,인천광역시 부평구 길주로 지하 623 (삼산동)
20240630,23,인천광역시,3761,부평구청,S1107,도시철도 7호선,37.508333,126.720556,인천광역시 부평구 길주로 지하 527 (갈산동)
20240630,23,인천광역시,3762,산곡,S1107,도시철도 7호선,37.508547,126.70351,인천광역시 부평구 길주로 지하 379 (산곡동)
20240630,23,인천광역시,3759,삼산체육관,S1107,도시철도 7호선,37.506431,126.742081,인천광역시 부평구 길주로 지하 713 (삼산동)
20240630,23,인천광역시,3763,석남(거북시장),S1107,도시철도 7호선,37.506208,126.676213,인천광역시 서구 길주로 지하 120 (석남동)
20240630,23,인천광역시,3123,간석오거리,S2801,인천지하철 1호선,37.466921,126.707861,인천광역시 남동구 경인로 674
20240630,23,인천광역시,3117,갈산,S2801,인천지하철 1호선,37.517124,126.721566,인천광역시 부평구 부평대로 286
20240630,23,인천광역시,3115,경인교대입구,S2801,인천지하철 1호선,37.538272,126.722603,인천광역시 계양구 계양대로 162
20240630,23,인천광역시,3114,계산,S2801,인천지하철 1호선,37.543243,126.728436,인천광역시 계양구 경명대로 1089
20240630,23,인천광역시,3110,계양,S2801,인천지하철 1호선,37.571539,126.736319,인천광역시 계양구 다남로 24
20240630,23,인천광역시,3138,국제업무지구,S2801,인천지하철 1호선,37.400464,126.630094,인천광역시 연수구 인천타워대로 334
20240630,23,인천광역시,3111,귤현,S2801,인천지하철 1호선,37.566362,126.742498,인천광역시 계양구 장제로 1136
20240630,23,인천광역시,3132,동막,S2801,인천지하철 1호선,37.398173,126.673561,인천광역시 연수구 경원대로 80
20240630,23,인천광역시,3121,동수,S2801,인천지하철 1호선,37.485409,126.718464,인천광역시 부평구 경인로 877
20240630,23,인천광역시,3131,동춘,S2801,인천지하철 1호선,37.404676,126.680835,인천광역시 연수구 경원대로 180
20240630,23,인천광역시,3127,문학경기장,S2801,인천지하철 1호선,37.434964,126.698373,인천광역시 연수구 예술로 2
20240630,23,인천광역시,3112,박촌,S2801,인천지하철 1호선,37.553525,126.744946,인천광역시 계양구 장제로 992
20240630,23,인천광역시,3120,부평,S2801,인천지하철 1호선,37.490541,126.723437,인천광역시 부평구 광장로 15
20240630,23,인천광역시,3118,부평구청,S2801,인천지하철 1호선,37.508768,126.720547,인천광역시 부평구 부평대로 189
20240630,23,인천광역시,3122,부평삼거리,S2801,인천지하철 1호선,37.478267,126.710494,인천광역시 부평구 경인로 765
20240630,23,인천광역시,3119,부평시장,S2801,인천지하철 1호선,37.498495,126.722282,인천광역시 부평구 부평대로 69
20240630,23,인천광역시,3128,선학,S2801,인천지하철 1호선,37.426985,126.698872,인천광역시 연수구 경원대로 480
20240630,23,인천광역시,3137,센트럴파크,S2801,인천지하철 1호선,37.392833,126.635002,인천광역시 연수구 인천타워대로 240
20240630,23,인천광역시,3139,송도달빛축제공원,S2801,인천지하철 1호선,37.40517495,126.6270537,인천광역시 연수구 송도동 340
20240630,23,인천광역시,3129,신연수,S2801,인천지하철 1호선,37.418032,126.693853,인천광역시 연수구 경원대로 368
20240630,23,인천광역시,3125,예술회관,S2801,인천지하철 1호선,37.449334,126.700991,인천광역시 남동구 예술로 172
20240630,23,인천광역시,3130,원인재,S2801,인천지하철 1호선,37.412364,126.687893,인천광역시 연수구 경원대로 285
20240630,23,인천광역시,3136,인천대입구,S2801,인천지하철 1호선,37.386239,126.639351,인천광역시 연수구 인천타워대로 155
20240630,23,인천광역시,3124,인천시청,S2801,인천지하철 1호선,37.457615,126.702216,인천광역시 남동구 예술로 264
20240630,23,인천광역시,3126,인천터미널,S2801,인천지하철 1호선,37.441917,126.699727,인천광역시 미추홀구 예술로 85
20240630,23,인천광역시,3113,임학,S2801,인천지하철 1호선,37.545058,126.738642,인천광역시 계양구 장제로 875
20240630,23,인천광역시,3116,작전,S2801,인천지하철 1호선,37.530271,126.722548,인천광역시 계양구 게양대로 73
20240630,23,인천광역시,3135,지식정보단지,S2801,인천지하철 1호선,37.378021,126.645412,인천광역시 연수구 인천타워대로 57
20240630,23,인천광역시,3133,캠퍼스타운,S2801,인천지하철 1호선,37.388209,126.661985,인천광역시 연수구 송도국제대로 66
20240630,23,인천광역시,3134,테크노파크,S2801,인천지하철 1호선,37.382311,126.656355,인천광역시 연수구 송도국제대로 150
20240630,23,인천광역시,3216,가재울,S2802,인천지하철 2호선,37.484152,126.683883,인천광역시 서구 열우물로 252 (가좌동)
20240630,23,인천광역시,3211,가정(루원시티),S2802,인천지하철 2호선,37.524805,126.675387,인천광역시 서구 봉오대로 234 (가정동)
20240630,23,인천광역시,3212,가정중앙시장,S2802,인천지하철 2호선,37.517511,126.676784,인천광역시 서구 가남로 400 (가정동)
20240630,23,인천광역시,3203,검단사거리,S2802,인천지하철 2호선,37.601693,126.656545,인천광역시 서구 검단로 473 (왕길동)
20240630,23,인천광역시,3201,검단오류,S2802,인천지하철 2호선,37.595162,126.629206,인천광역시 서구 검단로 187 (오류동)
20240630,23,인천광역시,3208,검바위,S2802,인천지하철 2호선,37.561091,126.677529,인천광역시 서구 서곶로 492 (검암동)
20240630,23,인천광역시,3207,검암,S2802,인천지하철 2호선,37.568611,126.671221,인천광역시 서구 검바위로 4 (검암동)
20240630,23,인천광역시,3225,남동구청,S2802,인천지하철 2호선,37.448179,126.736581,인천광역시 남동구 인주대로 지하 889 (만수동)
20240630,23,인천광역시,3206,독정,S2802,인천지하철 2호선,37.584927,126.675981,인천광역시 서구 서곶로 760 (백석동)
20240630,23,인천광역시,3204,마전,S2802,인천지하철 2호선,37.597756,126.667195,인천광역시 서구 완정로 68 (마전동)
20240630,23,인천광역시,3224,만수,S2802,인천지하철 2호선,37.454962,126.731764,인천광역시 남동구 구월로 지하 367 (만수동)
20240630,23,인천광역시,3223,모래내시장,S2802,인천지하철 2호선,37.455842,126.719578,인천광역시 남동구 구월로 지하 255 (구월동)
20240630,23,인천광역시,3210,서구청,S2802,인천지하철 2호선,37.543839,126.676795,인천광역시 서구 서곶로 294 (심곡동)
20240630,23,인천광역시,3214,서부여성회관,S2802,인천지하철 2호선,37.500298,126.675875,인천광역시 서구 가석로 169 (석남동)
20240630,23,인천광역시,3213,석남(거북시장),S2802,인천지하철 2호선,37.507211,126.676304,인천광역시 서구 가석로 257 (석남동)
20240630,23,인천광역시,3220,석바위시장,S2802,인천지하철 2호선,37.457659,126.692387,인천광역시 미추홀구 구월로 19 (주안동)
20240630,23,인천광역시,3222,석천사거리,S2802,인천지하철 2호선,37.4569323,126.710383,인천광역시 남동구 구월로 지하 181 (구월동)
20240630,23,인천광역시,3219,시민공원,S2802,인천지하철 2호선,37.458739,126.680091,인천광역시 미추홀구 경인로 371 (주안동)
20240630,23,인천광역시,3209,아시아드경기장,S2802,인천지하철 2호선,37.551373,126.677075,인천광역시 서구 서곶로 382 (연희동)
20240630,23,인천광역시,3205,완정,S2802,인천지하철 2호선,37.592867,126.672961,인천광역시 서구 원당대로 650 (당하동)
20240630,23,인천광역시,3202,왕길,S2802,인천지하철 2호선,37.592191,126.642284,인천광역시 서구 검단로 323 (왕길동)
20240630,23,인천광역시,3227,운연,S2802,인천지하철 2호선,37.437924,126.759409,인천광역시 남동구 매소홀로 1229 (운연동)
20240630,23,인천광역시,3215,인천가좌,S2802,인천지하철 2호선,37.493762,126.675465,인천광역시 서구 가석로 67 (가좌동)
20240630,23,인천광역시,3226,인천대공원,S2802,인천지하철 2호선,37.448475,126.753051,인천광역시 남동구 수인로 3677 (장수동)
20240630,23,인천광역시,3221,인천시청,S2802,인천지하철 2호선,37.456904,126.701523,인천광역시 남동구 구월로 지하 99 (간석동)
20240630,23,인천광역시,3218,주안,S2802,인천지하철 2호선,37.465517,126.680441,인천광역시 미추홀구 주안로 지하 91-1 (주안동)
20240630,23,인천광역시,3217,주안국가산단,S2802,인천지하철 2호선,37.473599,126.681702,인천광역시 서구 방축로 343 (가좌동)
20240630,22,대구광역시,7006,대구역,I27K7,대경선,35.876,128.5961,대구 북구 태평로 161
20240630,22,대구광역시,7005,서대구역,I27K7,대경선,35.8814,128.5422,대구 서구 와룡로 527
20240630,22,대구광역시,145,각산,S2701,대구 도시철도 1호선,35.867852,128.723843,동구 안심로 지하363 (신서동)
20240630,22,대구광역시,128,교대,S2701,대구 도시철도 1호선,35.8510953,128.5864303,남구 중앙대로 지하194 (대명동)
20240630,22,대구광역시,117,대곡(정부대구청사),S2701,대구 도시철도 1호선,35.809271,128.51117,달서구 비슬로 지하2718 (대곡동)
20240630,22,대구광역시,132,대구역,S2701,대구 도시철도 1호선,35.876379,128.596919,북구 칠성남로30길 지하24 (칠성동)
20240630,22,대구광역시,147,대구한의대병원,S2701,대구 도시철도 1호선,35.8717089,128.7508237,동구 안심로 610 (사복동)
20240630,22,대구광역시,124,대명,S2701,대구 도시철도 1호선,35.8392924,128.5612846,남구 대명로 지하71 (대명동)
20240630,22,대구광역시,136,동구청(큰고개),S2701,대구 도시철도 1호선,35.884485,128.632295,동구 신암남로 지하169 (신암동)
20240630,22,대구광역시,135,동대구역,S2701,대구 도시철도 1호선,35.877626,128.627152,동구 동대구로 지하530 (신천동)
20240630,22,대구광역시,138,동촌(동촌유원지),S2701,대구 도시철도 1호선,35.886339,128.650455,동구 해동로 지하197 (검사동)
20240630,22,대구광역시,129,명덕(2.28민주운동기념회관),S2701,대구 도시철도 1호선,35.85732,128.5906,중구 명덕로 지하185 (남산동)
20240630,22,대구광역시,144,반야월,S2701,대구 도시철도 1호선,35.865848,128.713663,동구 안심로 지하261 (동호동)
20240630,22,대구광역시,130,반월당,S2701,대구 도시철도 1호선,35.86389,128.593312,중구 달구벌대로 지하2100 (덕산동)
20240630,22,대구광역시,140,방촌,S2701,대구 도시철도 1호선,35.879929,128.669767,동구 동촌로 지하275 (방촌동)
20240630,22,대구광역시,120,상인,S2701,대구 도시철도 1호선,35.8193983,128.5369588,달서구 월배로 지하223 (상인동)
20240630,22,대구광역시,123,서부정류장(관문시장),S2701,대구 도시철도 1호선,35.8373375,128.5526302,남구 월배로 지하501 (대명동)
20240630,22,대구광역시,115,설화명곡,S2701,대구 도시철도 1호선,35.7986179,128.4893927,달성군 화원읍 비슬로 2476
20240630,22,대구광역시,122,송현,S2701,대구 도시철도 1호선,35.831092,128.551755,달서구 월배로 지하412 (송현동)
20240630,22,대구광역시,143,신기,S2701,대구 도시철도 1호선,35.866761,128.701724,동구 안심로 지하159 (신기동)
20240630,22,대구광역시,134,신천(경북대입구),S2701,대구 도시철도 1호선,35.875027,128.617244,동구 동부로 지하41 (신천동)
20240630,22,대구광역시,137,아양교(대구국제공항입구),S2701,대구 도시철도 1호선,35.887208,128.639572,동구 아양로 지하245 (신암동)
20240630,22,대구광역시,146,안심(혁신도시·첨복단지),S2701,대구 도시철도 1호선,35.87,128.73,동구 안심로 지하455 (괴전동)
20240630,22,대구광역시,125,안지랑,S2701,대구 도시철도 1호선,35.839,128.57,남구 대명로 지하141 (대명동)
20240630,22,대구광역시,127,영대병원,S2701,대구 도시철도 1호선,35.8442516,128.5882407,남구 대명로 지하292 (대명동)
20240630,22,대구광역시,141,용계,S2701,대구 도시철도 1호선,35.876256,128.681414,동구 동촌로 지하383 (용계동)
20240630,22,대구광역시,119,월배,S2701,대구 도시철도 1호선,35.816123,128.530119,달서구 월배로 지하143 (진천동)
20240630,22,대구광역시,121,월촌,S2701,대구 도시철도 1호선,35.823695,128.545465,달서구 월배로 지하311 (송현동)
20240630,22,대구광역시,142,율하,S2701,대구 도시철도 1호선,35.869751,128.692775,동구 안심로 지하57 (율하동)
20240630,22,대구광역시,131,중앙로,S2701,대구 도시철도 1호선,35.869873,128.593688,중구 중앙대로 지하424 (남일동)
20240630,22,대구광역시,118,진천,S2701,대구 도시철도 1호선,35.813815,128.522374,달서구 월배로 지하76 (진천동)
20240630,22,대구광역시,133,칠성시장,S2701,대구 도시철도 1호선,35.876459,128.604185,북구 칠성남로 지하222 (칠성동)
20240630,22,대구광역시,139,해안,S2701,대구 도시철도 1호선,35.883765,128.659079,동구 동촌로 지하167 (방촌동)
20240630,22,대구광역시,116,화원,S2701,대구 도시철도 1호선,35.804349,128.500409,달성군 화원읍 비슬로 지하2600
20240630,22,대구광역시,225,감삼,S2702,대구 도시철도 2호선,35.8543251,128.5439011,달서구 달구벌대로 지하1665 (감삼동)
20240630,22,대구광역시,219,강창,S2702,대구 도시철도 2호선,35.8531116,128.4789997,달서구 달구벌대로 지하1014 (호산동)
20240630,22,대구광역시,231,경대병원,S2702,대구 도시철도 2호선,35.863302,128.60336,중구 달구벌대로 지하2190 (삼덕동)
20240630,22,대구광역시,220,계명대,S2702,대구 도시철도 2호선,35.85146491,128.491969,달서구 달구벌대로 지하1140 (신당동)
20240630,22,대구광역시,239,고산,S2702,대구 도시철도 2호선,35.84,128.69,수성구 달구벌대로 지하3080 (시지동)
20240630,22,대구광역시,227,내당,S2702,대구 도시철도 2호선,35.860194,128.564593,달서구 달구벌대로 지하1900 (두류동)
20240630,22,대구광역시,217,다사,S2702,대구 도시철도 2호선,35.86495301,128.4582876,달성군 다사읍 다사역로 지하30 
20240630,22,대구광역시,236,담티(수성대·대륜),S2702,대구 도시철도 2호선,35.85,128.65,수성구 달구벌대로 지하2672 (만촌동)
20240630,22,대구광역시,232,대구은행(대구교육청),S2702,대구 도시철도 2호선,35.85996896,128.6137597,수성구 달구벌대로 지하2300 (수성동)
20240630,22,대구광역시,218,대실,S2702,대구 도시철도 2호선,35.8573333,128.4656264,달성군 다사읍 달구벌대로 지하888 
20240630,22,대구광역시,226,두류,S2702,대구 도시철도 2호선,35.8572405,128.551509,달서구 달구벌대로 지하1760 (두류동)
20240630,22,대구광역시,235,만촌,S2702,대구 도시철도 2호선,35.85,128.64,수성구 달구벌대로 지하2584 (만촌동)
20240630,22,대구광역시,216,문양,S2702,대구 도시철도 2호선,35.86414313,128.4370043,달성군 다사읍 문양역길 71
20240630,22,대구광역시,228,반고개,S2702,대구 도시철도 2호선,35.8623,128.5691714,서구 달구벌대로 지하1827 (내당동)
20240630,22,대구광역시,230,반월당,S2702,대구 도시철도 2호선,35.864592,128.593334,중구 달구벌대로 지하2100 (덕산동)
20240630,22,대구광역시,233,범어,S2702,대구 도시철도 2호선,35.8591,128.6257,수성구 달구벌대로 지하2396 (범어동)
20240630,22,대구광역시,241,사월,S2702,대구 도시철도 2호선,35.836566,128.715173,수성구달구벌대로 지하3290 (신매동)
20240630,22,대구광역시,221,성서산업단지,S2702,대구 도시철도 2호선,35.8518236,128.5021662,달서구 달구벌대로 지하1280 (이곡동)
20240630,22,대구광역시,234,수성구청(KBS),S2702,대구 도시철도 2호선,35.85874022,128.6359517,수성구 달구벌대로 지하2500 (범어동)
20240630,22,대구광역시,238,수성알파시티(삼성라이온즈파크),S2702,대구 도시철도 2호선,35.85,128.67,수성구 달구벌대로 지하2950 (연호동)
20240630,22,대구광역시,240,신매,S2702,대구 도시철도 2호선,35.84,128.7,수성구 달구벌대로 지하3180 (매호동)
20240630,22,대구광역시,237,연호,S2702,대구 도시철도 2호선,35.85,128.67,수성구 달구벌대로 지하2870 (연호동)
20240630,22,대구광역시,223,용산(서부법원?검찰청입구),S2702,대구 도시철도 2호선,35.8142587,128.5407738,달서구 달구벌대로 지하1476 (용산동)
20240630,22,대구광역시,222,이곡,S2702,대구 도시철도 2호선,35.85062003,128.5157686,달서구 달구벌대로 지하1357 (이곡동)
20240630,22,대구광역시,224,죽전,S2702,대구 도시철도 2호선,35.85057553,128.5369391,달서구 달구벌대로 지하1560 (죽전동)
20240630,22,대구광역시,229,청라언덕,S2702,대구 도시철도 2호선,35.8650508,128.5787271,중구 달구벌대로 지하2000 (동산동)
20240630,22,대구광역시,332,건들바위,S2703,대구 도시철도 3호선,35.85538252,128.5996903, 남구 명덕로 260(이천동)
20240630,22,대구광역시,322,공단,S2703,대구 도시철도 3호선,35.891,128.553, 북구 팔달로 28(비산동)
20240630,22,대구광역시,317,구암(과학대보건대입구),S2703,대구 도시철도 3호선,35.92574223,128.5503415, 북구 팔거천동로 1(구암동)
20240630,22,대구광역시,330,남산(계명네거리),S2703,대구 도시철도 3호선,35.85668979,128.5834576, 중구 남산로 2(남산동)
20240630,22,대구광역시,327,달성공원,S2703,대구 도시철도 3호선,35.87703001,128.5821218, 중구 달성로 116(수창동)
20240630,22,대구광역시,333,대봉교,S2703,대구 도시철도 3호선,35.85499783,128.6063685, 남구 명덕로 330(이천동)
20240630,22,대구광역시,315,동천,S2703,대구 도시철도 3호선,35.93770658,128.556683, 북구 팔거천동로 147(동천동)
20240630,22,대구광역시,323,만평,S2703,대구 도시철도 3호선,35.889893,128.561002, 북구 팔달로 105(노원동3가)
20240630,22,대구광역시,319,매천,S2703,대구 도시철도 3호선,35.912,128.543, 북구 학정로 6(매천동)
20240630,22,대구광역시,320,매천시장,S2703,대구 도시철도 3호선,35.904,128.545, 북구 매천로 18길 39(매천동)
20240630,22,대구광역시,331,명덕(2·28민주운동기념회관),S2703,대구 도시철도 3호선,35.85694518,128.5900469, 남구 명덕로 186(대명동)
20240630,22,대구광역시,340,범물,S2703,대구 도시철도 3호선,35.82083917,128.6401127, 수성구 지범로 194(범물동)
20240630,22,대구광역시,326,북구청(DGB대구은행파크),S2703,대구 도시철도 3호선,35.88481395,128.5814483, 서구 원대로 71(원대동2가)
20240630,22,대구광역시,328,서문시장(동산병원),S2703,대구 도시철도 3호선,35.86966429,128.582241, 중구 달성로 50(대신동)
20240630,22,대구광역시,335,수성구민운동장,S2703,대구 도시철도 3호선,35.85240979,128.6251246, 수성구 동대구로 248(범어동)
20240630,22,대구광역시,338,수성못(TBC),S2703,대구 도시철도 3호선,35.83135605,128.6232167, 수성구 동대구로 14(지산동)
20240630,22,대구광역시,334,수성시장,S2703,대구 도시철도 3호선,35.85431676,128.6160292, 수성구 명덕로 420(수성동2가)
20240630,22,대구광역시,336,어린이세상,S2703,대구 도시철도 3호선,35.84516989,128.6244677, 수성구 동대구로 166(황금동)
20240630,22,대구광역시,341,용지,S2703,대구 도시철도 3호선,35.8182678,128.6465345, 수성구 범안로 83(범물동)
20240630,22,대구광역시,325,원대,S2703,대구 도시철도 3호선,35.88973679,128.5743923, 서구 팔달로 224-2(원대동3가)
20240630,22,대구광역시,339,지산,S2703,대구 도시철도 3호선,35.82515322,128.6319513, 수성구 지범로 100(지산동)
20240630,22,대구광역시,329,청라언덕(신남),S2703,대구 도시철도 3호선,35.86419437,128.5823758, 중구 남산로 80(남산동)
20240630,22,대구광역시,312,칠곡경대병원,S2703,대구 도시철도 3호선,35.95838748,128.5598908, 북구 팔거천동로 386(동호동)
20240630,22,대구광역시,316,칠곡운암,S2703,대구 도시철도 3호선,35.93145534,128.5545305, 북구 팔거천동로 79(구암동)
20240630,22,대구광역시,318,태전,S2703,대구 도시철도 3호선,35.919,128.547, 북구 칠곡중앙대로 262(태전동)
20240630,22,대구광역시,314,팔거(국립농관원통계청),S2703,대구 도시철도 3호선,35.94404716,128.5583366, 북구 팔거천동로 226(동천동)
20240630,22,대구광역시,321,팔달,S2703,대구 도시철도 3호선,35.897,128.546, 북구 매천로2길 43(팔달동)
20240630,22,대구광역시,324,팔달시장,S2703,대구 도시철도 3호선,35.88883085,128.5678716, 북구 팔달로 163-1(노원동3가)
20240630,22,대구광역시,313,학정,S2703,대구 도시철도 3호선,35.95155512,128.5591934, 북구 팔거천동로 310(학정동)
20240630,22,대구광역시,337,황금,S2703,대구 도시철도 3호선,35.83907838,128.6239185, 수성구 동대구로 100(두산동)
20240630,24,광주광역시,8011,송정역,I26K6,동해선,35.137559,126.791535,부산시 해운대구 해운대로 1147
20240630,24,광주광역시,115,공항,S2901,광주도시철도 1호선,35.144179,126.81153,광주광역시 광산구 상무대로 지하 416-99(신촌동)
20240630,24,광주광역시,117,광주송정역,S2901,광주도시철도 1호선,35.137529,126.791488,광주광역시 광산구 상무대로 지하 201-99(송정동)
20240630,24,광주광역시,105,금남로4가,S2901,광주도시철도 1호선,35.150976,126.914446,광주광역시 동구 금남로 지하 210(금남로4가)
20240630,24,광주광역시,106,금남로5가,S2901,광주도시철도 1호선,35.15318,126.910933,광주광역시 북구 금남로 지하 138(북동)
20240630,24,광주광역시,114,김대중컨벤션센터(마륵),S2901,광주도시철도 1호선,35.143214,126.841442,광주광역시 서구 상무대로 지하 705(마륵동)
20240630,24,광주광역시,103,남광주,S2901,광주도시철도 1호선,35.1384,126.921807,광주광역시 동구 제봉로 지하 14(학동)
20240630,24,광주광역시,100,녹동,S2901,광주도시철도 1호선,35.107028,126.933932,광주광역시 동구 녹동길 45(용산동)
20240630,24,광주광역시,109,농성,S2901,광주도시철도 1호선,35.153563,126.883973,광주광역시 서구 상무대로 지하 1123(농성동)
20240630,24,광주광역시,118,도산,S2901,광주도시철도 1호선,35.131713,126.787942,광주광역시 광산구 상무대로 지하 125-99(도산동)
20240630,24,광주광역시,108,돌고개,S2901,광주도시철도 1호선,35.152047,126.895637,광주광역시 서구 경열로 지하 87(농성동)
20240630,24,광주광역시,104,문화전당(구도청),S2901,광주도시철도 1호선,35.14661,126.92005,광주광역시 동구 문화전당로 26번길 지하 7(광산동)
20240630,24,광주광역시,113,상무,S2901,광주도시철도 1호선,35.146784,126.848641,광주광역시 서구 상무대로 지하 777(마륵동)
20240630,24,광주광역시,101,소태,S2901,광주도시철도 1호선,35.124108,126.932013,광주광역시 동구 남문로 지하 587(소태동)
20240630,24,광주광역시,116,송정공원,S2901,광주도시철도 1호선,35.143565,126.799245,광주광역시 광산구 상무대로 지하 314-99(송정동)
20240630,24,광주광역시,111,쌍촌,S2901,광주도시철도 1호선,35.151793,126.869519,광주광역시 서구 상무대로 지하 983(쌍촌동)
20240630,24,광주광역시,107,양동시장,S2901,광주도시철도 1호선,35.154176,126.904489,광주광역시 서구 경열로 지하 152(양동)
20240630,24,광주광역시,112,운천,S2901,광주도시철도 1호선,35.150486,126.858694,광주광역시 서구 상무대로 지하 883(쌍촌동)
20240630,24,광주광역시,119,평동,S2901,광주도시철도 1호선,35.1247,126.769586,광주광역시 광산구 평동로 870(월전동)
20240630,24,광주광역시,102,학동증심사입구,S2901,광주도시철도 1호선,35.133023,126.928382,광주광역시 동구 남문로 지하 700(학동)
20240630,24,광주광역시,110,화정,S2901,광주도시철도 1호선,35.1525,126.877698,광주광역시 서구 상무대로 지하 1041(화정동)
20240630,25,대전광역시,113,갈마,S3001,대전 도시철도 1호선,36.357522,127.372632,대전광역시 서구 한밭대로 지하 666(갈마동)
20240630,25,대전광역시,115,갑천,S3001,대전 도시철도 1호선,36.354578,127.354467,대전광역시 서구 갑천도시고속도로 지하 1833(월평동)
20240630,25,대전광역시,117,구암,S3001,대전 도시철도 1호선,36.356605,127.33083,대전광역시 유성구 유성대로 703(구암동)
20240630,25,대전광역시,120,노은,S3001,대전 도시철도 1호선,36.37415,127.317835,대전광역시 유성구 노은로 지하 161(지족동)
20240630,25,대전광역시,103,대동,S3001,대전 도시철도 1호선,36.329532,127.442848,대전광역시 동구 계족로 지하 176 (대동)
20240630,25,대전광역시,104,대전,S3001,대전 도시철도 1호선,36.331583,127.433118,대전광역시 동구 중앙로 지하 218 (중동)
20240630,25,대전광역시,122,반석,S3001,대전 도시철도 1호선,36.392128,127.314581,대전광역시 유성구 북유성대로 지하 303(반석동)
20240630,25,대전광역시,107,서대전네거리,S3001,대전 도시철도 1호선,36.322416,127.412518,대전광역시 중구 계룡로 지하 889(용두동)
20240630,25,대전광역시,111,시청,S3001,대전 도시철도 1호선,36.351673,127.386739,대전광역시 서구 둔산중로 지하 55(둔산동)
20240630,25,대전광역시,102,신흥,S3001,대전 도시철도 1호선,36.319652,127.448792,대전광역시 동구 옥천로 지하 70 (판암동)
20240630,25,대전광역시,108,오룡,S3001,대전 도시철도 1호선,36.328582,127.405046,대전광역시 중구 계룡로 지하 793(오류동)
20240630,25,대전광역시,109,용문,S3001,대전 도시철도 1호선,36.338252,127.393317,대전광역시 서구 계룡로 지하 644(용문동)
20240630,25,대전광역시,119,월드컵경기장,S3001,대전 도시철도 1호선,36.366825,127.317859,대전광역시 유성구 한밭대로 지하 155(노은동)
20240630,25,대전광역시,114,월평,S3001,대전 도시철도 1호선,36.358272,127.364382,대전광역시 서구 한밭대로 지하 595(월평동)
20240630,25,대전광역시,116,유성온천,S3001,대전 도시철도 1호선,36.353689,127.341524,대전광역시 유성구 계룡로 지하 97(봉명동)
20240630,25,대전광역시,112,정부청사,S3001,대전 도시철도 1호선,36.357661,127.381047,대전광역시 서구 한밭대로 지하 744(둔산동)
20240630,25,대전광역시,106,중구청,S3001,대전 도시철도 1호선,36.324831,127.419627,대전광역시 중구 중앙로 지하 71 (선화동)
20240630,25,대전광역시,105,중앙로,S3001,대전 도시철도 1호선,36.328664,127.425842,대전광역시 중구 중앙로 지하 145 (은행동)
20240630,25,대전광역시,121,지족,S3001,대전 도시철도 1호선,36.384106,127.319501,대전광역시 유성구 노은로 273(지족동)
20240630,25,대전광역시,110,탄방,S3001,대전 도시철도 1호선,36.34544,127.384603,대전광역시 서구 문정로48번길 지하 19(탄방동)
20240630,25,대전광역시,101,판암,S3001,대전 도시철도 1호선,36.316896,127.458264,대전광역시 동구 옥천로 지하162 (판암동)
20240630,25,대전광역시,118,현충원,S3001,대전 도시철도 1호선,36.359021,127.321525,대전광역시 유성구 현충원로 지하 455(구암동)
20240630,26,울산광역시,8022,개운포역,I26K6,동해선,35.507884,129.31697,울산시 남구 상개리 97-1
20240630,26,울산광역시,8019,남창역,I26K6,동해선,35.419713,129.278077,울산시 울주군 온양읍 남창리 42-36
20240630,26,울산광역시,8021,덕하역,I26K6,동해선,35.494007,129.29894,울산시 울주군 청량읍 상남리 533-15
20240630,26,울산광역시,8020,망양역,I26K6,동해선,35.456519,129.283667,울산시 울주군 온양읍 망양리 484-1
20240630,26,울산광역시,8018,서생역,I26K6,동해선,35.345121,129.28904,울산시 울주군 서생면 화산리 1228-5
20240630,26,울산광역시,8023,태화강역,I26K6,동해선,35.538669,129.349169,울산광역시 남구 산업로 654
20240630,31,경기도,1804,부천역,I1101,경인선,37.484066,126.782779,경기도 부천시 소사구 부천로 1
20240630,31,경기도,4804,소사역,I1101,경인선,37.482755,126.795654,경기도 부천시 소사구 경인로 363
20240630,31,경기도,1805,송내역,I1101,경인선,37.487626,126.753045,경기도 부천시 소사구 송내대로 43
20240630,31,경기도,1803,역곡역,I1101,경인선,37.48514,126.811622,경기도 부천시 원미구 역곡로 1(역곡동)
20240630,31,경기도,1822,중동역,I1101,경인선,37.486664,126.764474,경기도 부천시 소사구 중동로 73
20240630,31,경기도,319,지축,I1103,3호선,37.648281,126.912551,경기도 고양시 덕양구 삼송로 300(지축동)
20240630,31,경기도,D019,광교(경기대),I11D1,신분당선,37.30173474,127.0448561,경기도 수원시 영통구 대학로 55 신분당선 광교역
20240630,31,경기도,D018,광교중앙(아주대),I11D1,신분당선,37.28773752,127.052625,경기도 수원시 영통구 도청로 지하45
20240630,31,경기도,D014,동천,I11D1,신분당선,37.33868413,127.1027937,경기도 용인시 수지구 신수로 지하760
20240630,31,경기도,D013,미금,I11D1,신분당선,37.35118332,127.1089028,경기도 성남시 성남대로 지하 163 (금곡동)
20240630,31,경기도,D017,상현,I11D1,신분당선,37.29868526,127.0695799,경기도 용인시 수지구 광교중앙로 지하312
20240630,31,경기도,D016,성복,I11D1,신분당선,37.31404251,127.0807578,경기도 용인시 수지구 수지로 지하134
20240630,31,경기도,D015,수지구청,I11D1,신분당선,37.32300896,127.0955813,경기도 용인시 수지구 풍덕천로 지하120 
20240630,31,경기도,D012,정자,I11D1,신분당선,37.36821019,127.1083859,경기도 성남시 분당구 성남대로 지하 333 
20240630,31,경기도,D011,판교,I11D1,신분당선,37.39571475,127.1112107,경기도 성남시 분당구 판교역로 지하 160
20240630,31,경기도,1873,고색역,I28K1,수인선,37.248829,126.977899,경기도 수원시 권선구 매송고색로 지하690(고색동)
20240630,31,경기도,1757,고잔역,I28K1,수인선,37.316821,126.823094,경기도 안산시 단원구 중앙대로 784 
20240630,31,경기도,1760,능길역,I28K1,수인선,37.337488,126.767306,경기도 안산시 단원구 황고개로 2
20240630,31,경기도,1878,달월역,I28K1,수인선,37.379993,126.745431,경기도 시흥시 서해안로 736번길 55(월곶동)
20240630,31,경기도,1877,사리역,I28K1,수인선,37.289982,126.856872,경기도 안산시 상록구 충장로 103(사동)
20240630,31,경기도,1759,안산역,I28K1,수인선,37.327006,126.788748,경기도 안산시 단원구 중앙대로 462
20240630,31,경기도,1876,야목역,I28K1,수인선,37.261011,126.88429,경기도 화성시 매송면 본오매송로 286(야목리)
20240630,31,경기도,1875,어천역,I28K1,수인선,37.250076,126.908805,경기도 화성시 매송면 화성로 2227-5(어천리)
20240630,31,경기도,1874,오목천역,I28K1,수인선,37.243011,126.9636354,경기도 수원시 권선구 삼천병마로 1576(오목천동)
20240630,31,경기도,1762,오이도역,I28K1,수인선,37.361773,126.738437,경기도 시흥시 역전로 430
20240630,31,경기도,1879,월곶역,I28K1,수인선,37.39189,126.742741,경기도 시흥시 월곶중앙로 14번길 56
20240630,31,경기도,1761,정왕역,I28K1,수인선,37.351816,126.742844,경기도 시흥시 마유로 418길 15
20240630,31,경기도,1756,중앙역,I28K1,수인선,37.316055,126.838532,경기도 안산시 단원구 중앙대로 918
20240630,31,경기도,1758,초지역,I28K1,수인선,37.320583,126.806151,경기도 안산시 단원구 중앙대로 620
20240630,31,경기도,1755,한대앞역,I28K1,수인선,37.309685,126.853656,경기도 안산시 상록구 충장로 337
20240630,31,경기도,1705,관악역,I4101,경부선,37.419578,126.908476,경기도 안양시 만안구 경수대로 1273번길 46
20240630,31,경기도,1750,광명역,I4101,경부선,37.415995,126.884523,경기도 광명시 광명역로 21
20240630,31,경기도,1709,군포역,I4101,경부선,37.353732,126.948517,경기도 군포시 군포역1길 27
20240630,31,경기도,1708,금정역,I4101,경부선,37.371957,126.943611,경기도 군포시 군포로 750
20240630,31,경기도,1729,당정역,I4101,경부선,37.34338,126.948388,경기도 군포시 당정역로 91
20240630,31,경기도,1707,명학역,I4101,경부선,37.384435,126.935579,경기도 안양시 만안구 만안로 20
20240630,31,경기도,1716,병점역,I4101,경부선,37.206821,127.033268,경기도 화성시 떡전골로 97
20240630,31,경기도,1749,서동탄역,I4101,경부선,37.195675,127.051893,경기도 오산시 외삼미로 15번길 75-60
20240630,31,경기도,1722,서정리역,I4101,경부선,37.056459,127.052844,경기도 평택시 탄현로 51
20240630,31,경기도,1704,석수역,I4101,경부선,37.435161,126.902233,경기도 안양시 만안구 경수대로 1431
20240630,31,경기도,1711,성균관대역,I4101,경부선,37.300344,126.970861,경기도 수원시 장안구 서부로 2149
20240630,31,경기도,1715,세류역,I4101,경부선,37.244102,127.013772,경기도 수원시 권선구 정조로 393-1
20240630,31,경기도,1717,세마역,I4101,경부선,37.187288,127.043279,경기도 오산시 세마역로 88
20240630,31,경기도,1721,송탄역,I4101,경부선,37.075376,127.054397,경기도 평택시 신장동 송탄공원로 43
20240630,31,경기도,1713,수원역,I4101,경부선,37.266162,126.999821,경기도 수원시 팔달구 덕영대로 924
20240630,31,경기도,1706,안양역,I4101,경부선,37.401929,126.922647,경기도 안양시 만안구 만안로 232
20240630,31,경기도,1718,오산대역,I4101,경부선,37.169401,127.063081,경기도 오산시 청학로 236
20240630,31,경기도,1719,오산역,I4101,경부선,37.145472,127.066708,경기도 오산시 오산동 역광장로 59
20240630,31,경기도,1710,의왕역,I4101,경부선,37.320648,126.948099,경기도 의왕시 철도박물관로 66(삼동)
20240630,31,경기도,1720,진위역,I4101,경부선,37.109771,127.062342,경기도 평택시 경기대로 1855
20240630,31,경기도,1724,평택역,I4101,경부선,36.990559,127.085496,경기도 평택시 평택로 51
20240630,31,경기도,1723,평택지제역,I4101,경부선,37.018822,127.070269,경기도 평택시 경기대로 777
20240630,31,경기도,1712,화서역,I4101,경부선,37.28399,126.989581,경기도 수원시 팔달구 덕영대로 692
20240630,31,경기도,1907,가능역,I4102,경원선,37.748362,127.044251,경기도 의정부시 평화로 633
20240630,31,경기도,1908,녹양역,I4102,경원선,37.759416,127.042272,경기도 의정부시 평화로 757(녹양동 973)
20240630,31,경기도,1910,덕계역,I4102,경원선,37.818761,127.056676,경기도 양주시 고덕로 139번길 317
20240630,31,경기도,1911,덕정역,I4102,경원선,37.843216,127.061511,경기도 양주시 화합로 1356
20240630,31,경기도,1915,동두천역,I4102,경원선,37.927569,127.054825,경기도 동두천시 평화로 2687(동두천동 245-210)
20240630,31,경기도,1913,동두천중앙역,I4102,경원선,37.901818,127.056528,경기도 동두천시 동두천로 228(생연동 682)
20240630,31,경기도,1904,망월사역,I4102,경원선,37.710499,127.047361,경기도 의정부시 평화로 221
20240630,31,경기도,1914,보산역,I4102,경원선,37.914268,127.057134,경기도 동두천시 평화로 2539(보산동)
20240630,31,경기도,1916,소요산역,I4102,경원선,37.948608,127.061007,경기도 동두천시 평화로 2925(상봉암동 126)
20240630,31,경기도,1909,양주역,I4102,경원선,37.774281,127.044719,경기도 양주시 평화로 919(남방동 94-1)
20240630,31,경기도,1919,연천역,I4102,경원선,38.103244,127.074059,경기도 연천군 연천읍 연천로 273-7(차탄리)
20240630,31,경기도,1906,의정부역,I4102,경원선,37.73873,127.045891,경기도 의정부시 평화로 525
20240630,31,경기도,1918,전곡역,I4102,경원선,38.025415,127.071113,경기도 연천군 전곡읍 전곡역로 75(전곡리)
20240630,31,경기도,1912,지행역,I4102,경원선,37.892361,127.055734,경기도 동두천시 평화로 2285(지행동)
20240630,31,경기도,1917,청산역,I4102,경원선,37.995138,127.074097,경기도 연천군 청산면 초성리 170-1
20240630,31,경기도,1905,회룡역,I4102,경원선,37.724037,127.047319,경기도 의정부시 평화로 363
20240630,31,경기도,1451,경마공원역,I4103,안산과천선,37.443987,127.007899,경기도 과천시 경마공원대로 105
20240630,31,경기도,1757,고잔역,I4103,안산과천선,37.316821,126.823094,경기도 안산시 단원구 중앙대로 784
20240630,31,경기도,1453,과천역,I4103,안산과천선,37.433205,126.996404,경기도 과천시 별양로 지하 177
20240630,31,경기도,1708,금정역,I4103,안산과천선,37.371957,126.943611,경기도 군포시 군포로 750
20240630,31,경기도,1760,능길역,I4103,안산과천선,37.337488,126.767306,경기도 안산시 단원구 황고개로 2
20240630,31,경기도,1452,대공원역,I4103,안산과천선,37.435724,127.006474,경기도 과천시 대공원로 50
20240630,31,경기도,1752,대야미역,I4103,안산과천선,37.328304,126.917161,경기도 군포시 대야1로 28
20240630,31,경기도,1753,반월역,I4103,안산과천선,37.312244,126.903684,경기도 안산시 상록구 건건로 119-10
20240630,31,경기도,1457,범계역,I4103,안산과천선,37.389783,126.950752,경기도 안양시 동안구 동안로 지하 130
20240630,31,경기도,1751,산본역,I4103,안산과천선,37.358019,126.932969,경기도 군포시 번영로 504
20240630,31,경기도,1754,상록수역,I4103,안산과천선,37.302845,126.866533,경기도 안산시 상록구 상록수로 61
20240630,31,경기도,1450,선바위역,I4103,안산과천선,37.451854,127.002164,경기도 과천시 중앙로 440
20240630,31,경기도,1763,수리산역,I4103,안산과천선,37.350297,126.925537,경기도 군포시 번영로 385
20240630,31,경기도,1759,안산역,I4103,안산과천선,37.327006,126.788748,경기도 안산시 단원구 중앙대로 462
20240630,31,경기도,1762,오이도역,I4103,안산과천선,37.361773,126.738437,경기도 시흥시 역전로 430
20240630,31,경기도,1455,인덕원역,I4103,안산과천선,37.401901,126.976818,경기도 안양시 동안구 흥안대로 529
20240630,31,경기도,1454,정부과천청사역,I4103,안산과천선,37.426445,126.989802,경기도 과천시 중앙로 지하 100
20240630,31,경기도,1761,정왕역,I4103,안산과천선,37.351816,126.742844,경기도 시흥시 마유로 418길 15
20240630,31,경기도,1756,중앙역,I4103,안산과천선,37.316055,126.838532,경기도 안산시 단원구 중앙대로 918
20240630,31,경기도,1758,초지역,I4103,안산과천선,37.320583,126.806151,경기도 안산시 단원구 중앙대로 620
20240630,31,경기도,1456,평촌역,I4103,안산과천선,37.394346,126.963881,경기도 안양시 동안구 부림로 지하 123
20240630,31,경기도,1755,한대앞역,I4103,안산과천선,37.309685,126.853656,경기도 안산시 상록구 충장로 337
20240630,31,경기도,408,별내별가람역,I4104,진접선,37.667833,127.116167,경기도 남양주시 별내3로 지하 345
20240630,31,경기도,406,오남역,I4104,진접선,37.705556,127.192944,경기도 남양주시 오남읍 진건오남로 지하 929
20240630,31,경기도,405,진접역,I4104,진접선,37.720472,127.203167,경기도 남양주시 진접읍 경복대로 지하 244
20240630,31,경기도,1851,가천대역,I4105,분당선,37.448784,127.126677,경기도 성남시 수정구 성남대로 1332
20240630,31,경기도,1863,구성역,I4105,분당선,37.299013,127.105664,경기도 용인시 기흥구 용구대로 2403
20240630,31,경기도,1865,기흥역,I4105,분당선,37.275657,127.115944,경기도 용인시 중부대로 460
20240630,31,경기도,1869,망포역,I4105,분당선,37.245793,127.057367,경기도 수원시 영통구 봉영로 지하 1520
20240630,31,경기도,1872,매교역,I4105,분당선,37.265502,127.015657,경기도 수원시 팔달구 효원로 126
20240630,31,경기도,1870,매탄권선역,I4105,분당선,37.252458,127.040824,경기도 수원시 영통구 권선로 841
20240630,31,경기도,1853,모란역,I4105,분당선,37.432124,127.129064,경기도 성남시 중원구 성남대로 지하 1147(성남동 1575)
20240630,31,경기도,1858,미금역,I4105,분당선,37.350078,127.108952,경기도 성남시 수정구 성남대로 지하 156
20240630,31,경기도,1861,보정역,I4105,분당선,37.31274,127.108219,경기도 용인시 기흥구 용구대로 2560  
,,,,,,,,,
20240630,31,경기도,1866,상갈역,I4105,분당선,37.261797,127.108718,경기도 용인시 기흥구 금화로 지하 40
20240630,31,경기도,1855,서현역,I4105,분당선,37.384931,127.123249,경기도 성남시 분당구 성남대로 지하 601
20240630,31,경기도,1856,수내역,I4105,분당선,37.378435,127.114216,경기도 성남시 분당구 성남대로 지하 491(수내동)
20240630,31,경기도,1871,수원시청역,I4105,분당선,37.261941,127.030736,경기도 수원시 권선구 효원로 270
20240630,31,경기도,1846,수원역(분당),I4105,분당선,37.266162,126.999821,경기도 수원시 팔달구 덕영대로 944
20240630,31,경기도,1864,신갈역,I4105,분당선,37.286127,127.111311,경기도 용인시 기흥구 기흥로 136
20240630,31,경기도,1854,야탑역,I4105,분당선,37.41132,127.128661,경기도 성남시 성남대로 지하 903(야탑동 688-1)
20240630,31,경기도,1868,영통역,I4105,분당선,37.251521,127.071341,경기도 수원시 영통구 봉영로 지하 1560
20240630,31,경기도,1859,오리역,I4105,분당선,37.339832,127.108985,경기도 성남시 분당구 성남대로 지하 55(구미동 795)
20240630,31,경기도,1860,이매역,I4105,분당선,37.395846,127.128272,경기도 성남시 성남대로 지하 738
20240630,31,경기도,1857,정자역,I4105,분당선,37.366037,127.108091,경기도 성남시 분당구 성남대로 지하 333(정자동)
20240630,31,경기도,1862,죽전역,I4105,분당선,37.324575,127.107385,경기도 용인시 수지구 포은대로 530(죽전동 1014)
20240630,31,경기도,1867,청명역,I4105,분당선,37.259485,127.078945,경기도 수원시 영통구 봉영로 지하 1670
20240630,31,경기도,1852,태평역,I4105,분당선,37.439842,127.127746,경기도 성남시 수정구 성남대로 지하 1229번지
20240630,31,경기도,1953,대곡역,I4106,일산선,37.631629,126.811025,경기도 고양시 덕양구 대주로 107번길 71-81(대장동 420-1)
20240630,31,경기도,1958,대화역,I4106,일산선,37.675883,126.747756,경기도 고양시 일산서구 중앙로 1569(대화동 2221)
20240630,31,경기도,1955,마두역,I4106,일산선,37.652185,126.777641,경기도 고양시 일산동구 중앙로 지하 1180(마두동)
20240630,31,경기도,1954,백석역,I4106,일산선,37.642973,126.788109,경기도 고양시 일산동구 중앙로 1042
20240630,31,경기도,1950,삼송역,I4106,일산선,37.653096,126.895559,경기도 고양시 덕양구 삼송로 194
20240630,31,경기도,1951,원당역,I4106,일산선,37.653103,126.842891,경기도 고양시 덕양구 덕양대로 1429(성사1동 4100-7)
20240630,31,경기도,1948,원흥역,I4106,일산선,37.650709,126.873239,"경기도 고양시 덕양구 권율대로 681 (원흥동, 원흥역) 원흥역"
20240630,31,경기도,1956,정발산역,I4106,일산선,37.659709,126.773254,경기도 고양시 일산동구 마두 1동 1123(일산동구 중앙로 1270)
20240630,31,경기도,1957,주엽역,I4106,일산선,37.670138,126.761232,경기도 고양시 일산서구 중앙로 1432(주엽동 166-7)
20240630,31,경기도,1949,지축역,I4106,일산선,37.648114,126.913746,경기도 고양시 덕양구 삼송로 300(지축동)
20240630,31,경기도,1952,화정역,I4106,일산선,37.637837,126.832503,경기도 고양시 덕양구 화정로 60 화정역
20240630,31,경기도,1269,강매역,I4108,경의중앙선,37.612596,126.845437,경기도 고양시 덕양구 소원로 202
20240630,31,경기도,1272,곡산역,I4108,경의중앙선,37.645729,126.801877,경기도 고양시 일산동구 경의로 160(백석동)
20240630,31,경기도,1214,국수역,I4108,경의중앙선,37.516171,127.399402,경기도 양평군 양서면 국수역길 45
20240630,31,경기도,1279,금릉역,I4108,경의중앙선,37.751295,126.765401,경기도 파주시 금릉역로85
20240630,31,경기도,1280,금촌역,I4108,경의중앙선,37.766106,126.774515,경기도 파주시 새꽃로 193
20240630,31,경기도,1271,능곡역,I4108,경의중앙선,37.618741,126.820845,경기도 고양시 덕양구 토당로 35(토당동 454-3)
20240630,31,경기도,1953,대곡역,I4108,경의중앙선,37.631629,126.811025,경기도 고양시 덕양구 대주로 107번길 71-81(대장동 420-1)
20240630,31,경기도,1208,덕소역,I4108,경의중앙선,37.586892,127.208835,경기도 남양주시 와부읍 덕서로 56(덕소리 590-17)
20240630,31,경기도,1206,도농역,I4108,경의중앙선,37.608756,127.161105,경기도 남양주시 경춘로 433(도농동 56-1)
20240630,31,경기도,1209,도심역,I4108,경의중앙선,37.579628,127.222798,경기도 남양주시 와부읍 덕소로 237(도곡리 1024-2)
20240630,31,경기도,1284,문산역,I4108,경의중앙선,37.854565,126.787531,경기도 파주시 문산읍 문산역로 94
20240630,31,경기도,1273,백마역,I4108,경의중앙선,37.658346,126.794401,경기도 고양시 일산동구 경의로 318(풍동 482-8)
20240630,31,경기도,1213,신원역,I4108,경의중앙선,37.525921,127.372745,경기도 양평군 양서면 신원역길 7  
,,,,,,,,,
20240630,31,경기도,1215,아신역,I4108,경의중앙선,37.513954,127.443238,경기도 양평군 옥천면 아신역길 1길 23-3
20240630,31,경기도,1277,야당역,I4108,경의중앙선,37.712749,126.761535,경기도 파주시 소리천로 10
20240630,31,경기도,1212,양수역,I4108,경의중앙선,37.545998,127.328948,경기도 양평군 양서면 목왕로 55-10
20240630,31,경기도,1207,양정역,I4108,경의중앙선,37.604269,127.194602,경기도 남양주시 경강로 237(이패동 398-32)
20240630,31,경기도,1217,양평역,I4108,경의중앙선,37.492674,127.491858,경기도 양평군 양평읍 역전길 30
20240630,31,경기도,1216,오빈역,I4108,경의중앙선,37.506061,127.474053,경기도 양평군 양평읍 덕바위길 58
20240630,31,경기도,1219,용문역,I4108,경의중앙선,37.482085,127.594251,경기도 양평군 용문면 다문리 748-2
20240630,31,경기도,1211,운길산역,I4108,경의중앙선,37.554659,127.310089,경기도 남양주시 조안면 운길산로 20
20240630,31,경기도,1278,운정역,I4108,경의중앙선,37.725441,126.767076,경기도 파주시 운정역길 368(야당동 299-4번지)
20240630,31,경기도,1286,운천역,I4108,경의중앙선,37.880608,126.7676137,경기도 파주시 문산읍 통일로2033번길3
20240630,31,경기도,1218,원덕역,I4108,경의중앙선,37.468585,127.547468,경기도 양평군 양평읍 원덕흑천길 138
20240630,31,경기도,1282,월롱역,I4108,경의중앙선,37.796201,126.792574,경기도 파주시 월롱면 통일로 980
20240630,31,경기도,1275,일산역,I4108,경의중앙선,37.682231,126.769521,경기도 고양시 일산서구 경의로 672
20240630,31,경기도,1285,임진강역,I4108,경의중앙선,37.888364,126.746777,경기도 파주시 문산읍 임진각로 115(문산읍)
20240630,31,경기도,1220,지평역,I4108,경의중앙선,37.476496,127.629681,경기도 양평군 지평면 지평역길 32
20240630,31,경기도,1276,탄현역,I4108,경의중앙선,37.694114,126.761075,경기도 고양시 일산서구 경의로 856(덕이동)
20240630,31,경기도,1283,파주역,I4108,경의중앙선,37.815391,126.792426,경기도 파주시 파주읍 주라위길 38
20240630,31,경기도,1210,팔당역,I4108,경의중앙선,37.547321,127.243896,경기도 남양주시 와부읍 팔당로 107번길
20240630,31,경기도,1274,풍산역,I4108,경의중앙선,37.672173,126.786355,경기도 고양시 일산동구 경의로 486(풍동)
20240630,31,경기도,1268,한국항공대,I4108,경의중앙선,37.637837,126.832503,경기도 고양시 덕양구 화랑로 53(화전동 183-10)
20240630,31,경기도,1270,행신역,I4108,경의중앙선,37.612125,126.834063,경기도 고양시 덕양구 행신동 충경로 124번지(행신2동 812)
20240630,31,경기도,1323,가평역,I41K2,경춘선,37.814515,127.510693,경기도 가평군 가평읍 문화로 13-42(달전리 567)
20240630,31,경기도,1312,갈매역,I41K2,경춘선,37.634135,127.114803,경기도 구리시 갈매동 경춘북로 229(갈매동 502-18)
20240630,31,경기도,1316,금곡역,I41K2,경춘선,37.637414,127.207931,경기도 남양주시 경춘로 903(금곡동 404-276)
20240630,31,경기도,1320,대성리역,I41K2,경춘선,37.683909,127.379165,경기도 가평군 청평면 경춘로 88(대성리 393)
20240630,31,경기도,1319,마석역,I41K2,경춘선,37.652328,127.311713,경기도 남양주시 화도읍 마석우리 241-4
20240630,31,경기도,1313,별내역,I41K2,경춘선,37.642221,127.127208,경기도 남양주시 경춘북로 375(별내동 182-5)
20240630,31,경기도,1315,사릉역,I41K2,경춘선,37.651145,127.176839,경기도 남양주시 진건읍 진건우회로 72-8(사능리 590-2)
20240630,31,경기도,1322,상천역,I41K2,경춘선,37.770405,127.4542,경기도 가평군 청평면 상천역로 29(상천리 1261)
20240630,31,경기도,1318,천마산역,I41K2,경춘선,37.658995,127.285731,경기도 남양주시 화도읍 묵현로 25번길 37
20240630,31,경기도,1321,청평역,I41K2,경춘선,37.735484,127.426541,경기도 가평군 청평면 청평역로 97-33(청평리 125-1)
20240630,31,경기도,1314,퇴계원역,I41K2,경춘선,37.648316,127.143858,경기도 남양주시 퇴계원면 경춘북로 545(퇴계원리 218-8)
20240630,31,경기도,1317,평내호평역,I41K2,경춘선,37.653229,127.244452,경기도 남양주시 경춘로 1375(평내동 156)
20240630,31,경기도,1504,경기광주역,I41K5,경강선,37.398974,127.253201,경기도 광주시 광주역로 10 경기광주역사
20240630,31,경기도,1506,곤지암역,I41K5,경강선,37.350525,127.346186,경기도 광주시 곤지암천로 333
20240630,31,경기도,1509,부발역,I41K5,경강선,37.260411,127.490303,경기도 이천시 부발읍 신아로 87
20240630,31,경기도,1503,삼동역,I41K5,경강선,37.408731,127.203447,경기도 광주시 순암로 451
20240630,31,경기도,1512,성남역,I41K5,경강선,37.394709,127.11949,경기도 성남시 분당구 백현동 545-1
20240630,31,경기도,1510,세종대왕릉역,I41K5,경강선,37.293636,127.570764,경기도 여주시 능서면 양화로 877
20240630,31,경기도,1507,신둔도예촌역,I41K5,경강선,37.315499,127.405251,경기도 이천시 신둔면 남정로 55
20240630,31,경기도,1511,여주역,I41K5,경강선,37.282881,127.628571,경기도 여주시 교동로 80(교동 403-1)
20240630,31,경기도,1502,이매역,I41K5,경강선,37.394736,127.123048,경기도 성남시 분당구 성남대로 738
20240630,31,경기도,1508,이천역,I41K5,경강선,37.264222,127.442135,경기도 이천시 이섭대천로 1063
20240630,31,경기도,1505,초월역,I41K5,경강선,37.373389,127.299996,경기도 광주시 초월읍 경충대로 1066
20240630,31,경기도,1501,판교역,I41K5,경강선,37.394798,127.111135,경기도 성남시 분당구 판교역로 160
20240630,31,경기도,1272,곡산역,I41WS,서해선,37.645729,126.801877,경기도 고양시 일산동구 경의로 160(백석동)
20240630,31,경기도,1271,능곡역,I41WS,서해선,37.618741,126.820845,경기도 고양시 덕양구 토당로 35(토당동 454-3)
20240630,31,경기도,4811,달미역,I41WS,서해선,37.3493203,126.808218,경기도 안산시 단원구 순환로 지하 160
20240630,31,경기도,1953,대곡역,I41WS,서해선,37.631629,126.811025,경기도 고양시 덕양구 대주로 107번길 71-81(대장동 420-1)
20240630,31,경기도,1273,백마역,I41WS,서해선,37.658346,126.794401,경기도 고양시 일산동구 경의로 318(풍동 482-8)
20240630,31,경기도,1982,부천종합운동장역,I41WS,서해선,37.505452,126.797498,경기도 부천시 길주로 지하 502
20240630,31,경기도,4812,선부역,I41WS,서해선,37.3339083,126.810977,경기도 안산시 단원구 선부광장로 34
20240630,31,경기도,4804,소사역,I41WS,서해선,37.482755,126.795654,경기도 부천시 소사구 경인로 363
20240630,31,경기도,4805,소새울역,I41WS,서해선,37.4691546,126.797228,경기도 부천시 소사로 지하 284
20240630,31,경기도,4814,시우역,I41WS,서해선,37.3137673,126.798303,경기도 안산시 단원구 동산로 지하 50
20240630,31,경기도,4810,시흥능곡역,I41WS,서해선,37.3699903,126.808594,경기도 시흥시 시흥대로 지하 327
20240630,31,경기도,4806,시흥대야역,I41WS,서해선,37.4504787,126.793142,경기도 부천시 소사로 지하 120
20240630,31,경기도,4809,시흥시청역,I41WS,서해선,37.3814109,126.805946,경기도 시흥시 시흥대로 지하 467
20240630,31,경기도,4807,신천역,I41WS,서해선,37.4391147,126.786835,경기도 시흥시 서해안로 지하 1670
20240630,31,경기도,4808,신현역,I41WS,서해선,37.4091399,126.78788,경기도 시승시 신현로 12번길 지하 2-10
20240630,31,경기도,4815,원시역,I41WS,서해선,37.3059468,126.788297,경기도 안산시 단원구 선단로 지하 70
20240630,31,경기도,1981,원종역,I41WS,서해선,37.5240628,126.8048386,경기도 부천시 원종동 404
20240630,31,경기도,1275,일산역,I41WS,서해선,37.682231,126.769521,경기도 고양시 일산서구 경의로 672
20240630,31,경기도,4813,초지역,I41WS,서해선,37.320583,126.806151,경기도 안산시 단원구 중앙대로 620
20240630,31,경기도,1274,풍산역,I41WS,서해선,37.672173,126.786355,경기도 고양시 일산동구 경의로 486(풍동)
20240630,31,경기도,Y111,강남대,L41E1,에버라인,37.27017073,127.1260669,경기도 용인시 기흥구 중부대로 578
20240630,31,경기도,Y121,고진,L41E1,에버라인,37.24463834,127.2141836,경기도 용인시 처인구 경안천로 141
20240630,31,경기도,Y110,기흥(백남준아트센터),L41E1,에버라인,37.27545288,127.1170465,경기도 용인시 기흥구 중부대로 460
20240630,31,경기도,Y119,김량장,L41E1,에버라인,37.23732377,127.1986109,경기도 용인시 처인구 금학로 315
20240630,31,경기도,Y114,동백(용인세브란스),L41E1,에버라인,37.26910138,127.1526906,경기도 용인시 기흥구 동백죽전대로 314
20240630,31,경기도,Y123,둔전,L41E1,에버라인,37.26721222,127.2136387,경기도 용인시 처인구 포곡읍 포곡로 70
20240630,31,경기도,Y118,명지대,L41E1,에버라인,37.23807629,127.1902913,경기도 용인시 처인구 금학로 241
20240630,31,경기도,Y122,보평,L41E1,에버라인,37.25896427,127.2184808,경기도 용인시 처인구 경안천로 313
20240630,31,경기도,Y116,삼가,L41E1,에버라인,37.24205993,127.16818,경기도 용인시 처인구 중부대로 1098
20240630,31,경기도,Y117,시청·용인대,L41E1,에버라인,37.23944203,127.1788851,경기도 용인시 처인구 중부대로 1199-1
20240630,31,경기도,Y113,어정,L41E1,에버라인,37.27495132,127.1437499,경기도 용인시 기흥구 어정로 128
20240630,31,경기도,Y120,용인중앙시장(용인예술과학대),L41E1,에버라인,37.2379113,127.2090526,경기도 용인시 처인구 금학로 409
20240630,31,경기도,Y124,전대·에버랜드,L41E1,에버라인,37.28541327,127.219509,경기도 용인시 처인구 포곡읍 에버랜드로 143
20240630,31,경기도,Y112,지석,L41E1,에버라인,37.26973732,127.1363256,경기도 용인시 기흥구 어정로 28
20240630,31,경기도,Y115,초당,L41E1,에버라인,37.26080647,127.1594692,경기도 용인시 기흥구 동백죽전대로 204
20240630,31,경기도,G105,걸포북변역,L41G1,김포도시철도,37.631639,126.70575,경기도 김포시 김포대로 지하 1040
20240630,31,경기도,G108,고촌역,L41G1,김포도시철도,37.60125,126.770361,경기도 김포시 고촌읍 김포대로 지하 350
20240630,31,경기도,G101,구래역,L41G1,김포도시철도,37.645354,126.6285,경기도 김포시 김포한강7로 87
20240630,31,경기도,G102,마산역,L41G1,김포도시철도,37.640606,126.643944,경기도 김포시 김포한강3로 지하 442
20240630,31,경기도,G106,사우역,L41G1,김포도시철도,37.620361,126.719722,경기도 김포시 김포대로 지하 852
20240630,31,경기도,G100,양촌역,L41G1,김포도시철도,37.641639,126.614694,경기도 김포시 양촌읍 양촌역길 107
20240630,31,경기도,G104,운양역,L41G1,김포도시철도,37.653861,126.683833,경기도 김포시 김포한강1로 지하 235
20240630,31,경기도,G103,장기역,L41G1,김포도시철도,37.644028,126.669,경기도 김포시 김포한강1로 지하 59
20240630,31,경기도,G107,풍무역,L41G1,김포도시철도,37.612333,126.732583,경기도 김포시 김포대로 지하 710
20240630,31,경기도,U120,경기도청북부청사,L41U1,의정부,37.75073213,127.0714795,경기도 의정부시 장곡로 615
20240630,31,경기도,U113,경전철의정부,L41U1,의정부,37.73729974,127.043321,경기도 의정부시 신흥로 237
20240630,31,경기도,U122,곤제,L41U1,의정부,37.75054343,127.0838651,경기도 의정부시 천보로 173
20240630,31,경기도,U118,동오,L41U1,의정부,37.74519123,127.05703,경기도 의정부시 장곡로 471
20240630,31,경기도,U110,발곡,L41U1,의정부,37.275361,127.008569,경기도 의정부시 장곡로 258
20240630,31,경기도,U112,범골,L41U1,의정부,37.7287279,127.0437202,경기도 의정부시 신흥로 141
20240630,31,경기도,U119,새말,L41U1,의정부,37.74889941,127.063869,경기도 의정부시 장곡로 551
20240630,31,경기도,U124,송산,L41U1,의정부,37.7371698,127.0872755,경기도 의정부시 충의로 59
20240630,31,경기도,U123,어룡,L41U1,의정부,37.74272184,127.0852045,경기도 의정부시 충의로 125
20240630,31,경기도,U114,의정부시청,L41U1,의정부,37.73924874,127.034854,경기도 의정부시 의정로 69
20240630,31,경기도,U117,의정부중앙,L41U1,의정부,37.74371903,127.0496332,경기도 의정부시 호국로 1305
20240630,31,경기도,U125,탑석,L41U1,의정부,37.73355362,127.0889064,경기도 의정부시 충의로 20
20240630,31,경기도,U111,회룡,L41U1,의정부,37.72505255,127.0467864,경기도 의정부시 평화로 363
20240630,31,경기도,U121,효자,L41U1,의정부,37.75398452,127.0773155,경기도 의정부시 부용로 159-40
20240630,31,경기도,U115,흥선,L41U1,의정부,37.74322487,127.0371765,경기도 의정부시 호국로 1197
20240630,31,경기도,555,미사,S1105,5호선,37.56329,127.192954,경기도 하남시 미사강변동로 지하90(망월동)
20240630,31,경기도,558,하남검단산,S1105,5호선,37.539729,127.223427,경기도 하남시 대청로 지하100(창우동)
20240630,31,경기도,557,하남시청(덕풍?신장),S1105,5호선,37.541723,127.206901,경기도 하남시 하남대로 지하820(덕풍동)
20240630,31,경기도,556,하남풍산,S1105,5호선,37.552201,127.203897,경기도 하남시 덕풍서로 지하50(덕풍동)
20240630,31,경기도,748,광명사거리,S1107,7호선,37.47927,126.854854,경기도 광명시 오리로 지하980(광명동)
20240630,31,경기도,709,장암,S1107,7호선,37.70015,127.053126,경기도 의정부시 동일로 121(장암동)
20240630,31,경기도,747,철산,S1107,7호선,37.47616,126.868217,경기도 광명시 철산로 지하13(철산동)
20240630,31,경기도,3753,까치울,S1107,도시철도 7호선,37.506236,126.81095,경기도 부천시 원미구 길주로 지하 626 (춘의동)
20240630,31,경기도,3757,부천시청,S1107,도시철도 7호선,37.504611,126.763561,경기도 부천시 원미구 길주로 지하 202 (중동)
20240630,31,경기도,3754,부천종합운동장,S1107,도시철도 7호선,37.505381,126.79735,경기도 부천시 원미구 길주로 지하 502 (춘의동)
20240630,31,경기도,3758,상동,S1107,도시철도 7호선,37.505769,126.753081,경기도 부천시 원미구 길주로 지하 104 (상동)
20240630,31,경기도,3756,신중동,S1107,도시철도 7호선,37.503081,126.776161,경기도 부천시 원미구 길주로 지하 314 (중동)
20240630,31,경기도,3755,춘의,S1107,도시철도 7호선,37.50365,126.787069,경기도 부천시 원미구 길주로 지하 406 (춘의동)
20240630,31,경기도,821,남위례,S1108,8호선,37.462839,127.139047,경기도 성남시 수정구 공원로 601(복정동)
20240630,31,경기도,823,남한산성입구(성남법원·검찰청),S1108,8호선,37.451568,127.159845,경기도 성남시 수정구 산성대로 지하445(단대동)
20240630,31,경기도,824,단대오거리,S1108,8호선,37.445057,127.156735,경기도 성남시 수정구 산성대로 지하365(신흥동)
20240630,31,경기도,827,모란,S1108,8호선,37.433888,127.129921,경기도 성남시 수정구 산성대로 지하100(수진동)
20240630,31,경기도,822,산성,S1108,8호선,37.456886,127.149927,경기도 성남시 수정구 수정로 지하365(신흥동)
20240630,31,경기도,826,수진,S1108,8호선,37.437575,127.140936,경기도 성남시 수정구 산성대로 지하200(수진동)
20240630,31,경기도,825,신흥,S1108,8호선,37.440952,127.14759,경기도 성남시 수정구 산성대로 지하280(신흥동)
20240630,31,경기도,805,다산역,S4108,수도권 광역철도 8호선,37.62437,127.1498,경기도 남양주 다산중앙로 123번길(다산동)
20240630,31,경기도,804,별내역,S4108,수도권 광역철도 8호선,37.64217,127.1273,경기도 남양주시 경춘북로 375(별내동)
20240630,32,강원특별자치도,1326,강촌역,I41K2,경춘선,37.805728,127.634054,강원도 춘춘시 남산면 강촌로 150(방곡리 409)
20240630,32,강원특별자치도,1324,굴봉산역,I41K2,경춘선,37.832086,127.557732,강원도 춘천시 남산면 서백길 192(백양리 588-30)
20240630,32,강원특별자치도,1327,김유정역,I41K2,경춘선,37.818475,127.714302,강원도 춘천시 신동면 김유정로 1435(신동면 증리 859-3)
20240630,32,강원특별자치도,1328,남춘천역,I41K2,경춘선,37.864071,127.723761,강원도 춘천시 영서로 2260(퇴계동 633-2)
20240630,32,강원특별자치도,1325,백양리역,I41K2,경춘선,37.830881,127.589085,강원도 춘천시 남산면 북한강변길 690(강촌리 680-7)
20240630,32,강원특별자치도,1329,춘천역,I41K2,경춘선,37.884391,127.716603,강원도 춘천시 평화로 1(근화동 190)
20240630,33,충청북도,,,,,,,
20240630,34,충청남도,1727,두정역,I4101,경부선,36.833791,127.148905,충남 천안시 서북구 두정로 289(두정동 84-1)
20240630,34,충청남도,1725,성환역,I4101,경부선,36.915781,127.127007,충남 천안시 서북구 성환읍 성환1로 237-5(성환리 449-128)
20240630,34,충청남도,1726,직산역,I4101,경부선,36.870921,127.143774,충남 천안시 서북구 직산읍 천안대로 1471-33
20240630,34,충청남도,1728,천안역,I4401,경부선,36.810238,127.146417,충남 천안시 동남구 대흥로 239(대흥동 57-1)
20240630,34,충청남도,1405,배방역,I4401,장항선,36.777541,127.052751,충남 아산시 배방읍 온천대로 1967
20240630,34,충청남도,1401,봉명역,I4401,장항선,36.801578,127.136319,충남 천안시 동남구 차돌로 51(봉명동 20-2)
20240630,34,충청남도,1408,신창(순천향대)역,I4401,장항선,36.769213,126.950129,충남 아산시 신창면 행목로 50
20240630,34,충청남도,1402,쌍용(나사렛대)역,I4401,장항선,36.793745,127.121363,충청남도 천안시 서북구 쌍용19로 20  
,,,,,,,,,
20240630,34,충청남도,1403,아산역,I4401,장항선,36.792195,127.105049,충남 아산시 배방읍 희망로 90(장재리 325-3)
20240630,34,충청남도,1407,온양온천역,I4401,장항선,36.780419,127.003707,충남 아산시 온천대로 1496(온천동 56-9)
20240630,34,충청남도,1404,탕정역,I4401,장항선,36.788272,127.080446,충청남도 아산시 탕정면 매곡중앙6로 11
20240630,35,전북특별자치도,,,,,,,
20240630,36,전라남도,,,,,,,
20240630,37,경상북도,7008,경산역,I27K7,대경선,35.8192,128.7276,경북 경산시 중앙로1
20240630,37,경상북도,7001,구미역,I27K7,대경선,36.1282,128.331,경북 구미시 구미중앙로 76
20240630,37,경상북도,7007,동대구역,I27K7,대경선,35.6791,128.627,대구 동구 동대구로 550
20240630,37,경상북도,7004,왜관역,I27K7,대경선,35.9921,128.4001,경북 칠곡군 왜관읍 중앙로8길 10
20240630,37,경상북도,1204,양원역,I4108,경의중앙선,36.963729,129.091321,서울시 중랑구 송림길 147(망우동)
20240630,37,경상북도,148,부호(경일대·호산대),S2701,대구 도시철도 1호선,35.9002809,128.8031144,경산시 하양읍 대경로 528
20240630,37,경상북도,149,하양(대구가톨릭대),S2701,대구 도시철도 1호선,35.9094258,128.8175403,경산시 하양읍 하양역길 3
20240630,37,경상북도,244,영남대,S2702,대구 도시철도 2호선,35.836373,128.752966,"경상북도 경산시 대학로 지하270 (대동, 영남대역)"
20240630,37,경상북도,243,임당,S2702,대구 도시철도 2호선,35.834131,128.741076,"경상북도 경산시 대학로 지하170(중방동, 임당역)"
20240630,37,경상북도,242,정평,S2702,대구 도시철도 2호선,35.83407,128.728695,"경상북도 경산시 대학로 지하60(정평동, 정평역)"
20240630,38,경상남도,8015,부산원동역,I26K6,동해선,35.362703,128.920499,부산시 동래구 안락동 52-2
20240630,38,경상남도,7002,사곡역,I27K7,대경선,35.0988,128.3566,경북 구미시 상사서로 173-16
20240630,38,경상남도,21,가야대,L48B1,부산김해경전철,35.26672721,128.8650703,경상남도 김해시 해반천로 211
20240630,38,경상남도,12,김해대학,L48B1,부산김해경전철,35.2289958,128.9156126,경상남도 김해시 김해대로 2641
20240630,38,경상남도,14,김해시청,L48B1,부산김해경전철,35.22710304,128.8904107,경상남도 김해시 김해대로 2408
20240630,38,경상남도,18,박물관,L48B1,부산김해경전철,35.24006467,128.8718628,경상남도 김해시 김해대로 2103
20240630,38,경상남도,16,봉황,L48B1,부산김해경전철,35.22726757,128.8743069,경상남도 김해시 김해대로 2249
20240630,38,경상남도,15,부원,L48B1,부산김해경전철,35.22646624,128.8838997,경상남도 김해시 김해대로 2350
20240630,38,경상남도,10,불암,L48B1,부산김해경전철,35.2221626,128.9278931,경상남도 김해시 김해대로 2787
20240630,38,경상남도,17,수로왕릉,L48B1,부산김해경전철,35.2328215,128.8721409,경상남도 김해시 김해대로 2181
20240630,38,경상남도,19,연지공원,L48B1,부산김해경전철,35.24965763,128.8692908,경상남도 김해시 해반천로 5
20240630,38,경상남도,13,인제대,L48B1,부산김해경전철,35.22809947,128.901736,경상남도 김해시 김해대로 2515
20240630,38,경상남도,20,장신대,L48B1,부산김해경전철,35.25955642,128.8671142,경상남도 김해시 해반천로 129
20240630,38,경상남도,11,지내,L48B1,부산김해경전철,35.2275007,128.9237213,경상남도 김해시 김해대로 2718
20240630,38,경상남도,242,남양산,S2602,부산 도시철도 2호선,35.32533,129.01942,경상남도 양산시 동면 메기로 380
20240630,38,경상남도,241,부산대양산캠퍼스,S2602,부산 도시철도 2호선,35.31697,129.01383,경상남도 양산시 물금읍 메기로 270
20240630,38,경상남도,243,양산,S2602,부산 도시철도 2호선,35.33851,129.02673,경상남도 양산시 강변로 441
20240630,38,경상남도,240,증산,S2602,부산 도시철도 2호선,35.30828,129.01028,경상남도 양산시 물금읍 메기로 168
20240630,38,경상남도,239,호포,S2602,부산 도시철도 2호선,35.281,129.01725,경상남도 양산시 동면 양산대로 62
20240630,38,경상남도,126,현충로,S2701,대구 도시철도 1호선,35.50272,128.3453,남구 대명로 지하222 (대명동)
20240630,39,제주특별자치도,,,,,,,
20240630,29,세종특별자치시,,,,,,,
